registro_id,valor,nombre,comentarios,nombre_corto,metodo_id
44224a00041bec08d04941e16bbbf3ab,cónica,Forma de mazorca,El registro no tiene método asociado porque fue captura de una donación de bases de datos.,forma_mazorca,NULL
5e9ab7b96e8bf72b71625fb5ff59bc20,cónica,Forma de mazorca,El registro no tiene método asociado porque fue captura de una donación de bases de datos.,forma_mazorca,NULL
a8fc8b47c02d2736d3a9f0f0cc4389d3,cónica,Forma de mazorca,El registro no tiene método asociado porque fue captura de una donación de bases de datos.,forma_mazorca,NULL
6e2016f35f90872659f8816c7ce10616,cónica,Forma de mazorca,El registro no tiene método asociado porque fue captura de una donación de bases de datos.,forma_mazorca,NULL
e30a164137f818bf57edc159b8c996cf,cónica,Forma de mazorca,El registro no tiene método asociado porque fue captura de una donación de bases de datos.,forma_mazorca,NULL
60dc0bafb5ddd99bf9a8a24ce82fbcc1,cónica,Forma de mazorca,El registro no tiene método asociado porque fue captura de una donación de bases de datos.,forma_mazorca,NULL
7ca0be1626d75048e1c2a06323206071,cónica,Forma de mazorca,El registro no tiene método asociado porque fue captura de una donación de bases de datos.,forma_mazorca,NULL
d5f19cbf3485a435dc1381ece69043ae,cónica,Forma de mazorca,El registro no tiene método asociado porque fue captura de una donación de bases de datos.,forma_mazorca,NULL
7c7d687fff5589bb97cc569ec3895f48,cónica,Forma de mazorca,El registro no tiene método asociado porque fue captura de una donación de bases de datos.,forma_mazorca,NULL
f84bbced9caa3580e6224e65b9647e3d,cónica,Forma de mazorca,El registro no tiene método asociado porque fue captura de una donación de bases de datos.,forma_mazorca,NULL
b132a952f19adb4f4c7a7fbd52986ff4,cónica,Forma de mazorca,El registro no tiene método asociado porque fue captura de una donación de bases de datos.,forma_mazorca,NULL
73ad43fae946eeb1c20e3db0b0295065,cónica,Forma de mazorca,El registro no tiene método asociado porque fue captura de una donación de bases de datos.,forma_mazorca,NULL
dfa79ebbd6e3a9eefb47a6d5786d4257,cónica,Forma de mazorca,El registro no tiene método asociado porque fue captura de una donación de bases de datos.,forma_mazorca,NULL
8f535804ec0d084c065162bde509c474,cónica,Forma de mazorca,El registro no tiene método asociado porque fue captura de una donación de bases de datos.,forma_mazorca,NULL
e181980321ef3c1d5614bb8c8321dbd5,cónica,Forma de mazorca,El registro no tiene método asociado porque fue captura de una donación de bases de datos.,forma_mazorca,NULL
036b194c05efa18476d42679d99f260f,cónica,Forma de mazorca,El registro no tiene método asociado porque fue captura de una donación de bases de datos.,forma_mazorca,NULL
53f103c51eb98f9bc3181270ee2a2a29,cónica,Forma de mazorca,El registro no tiene método asociado porque fue captura de una donación de bases de datos.,forma_mazorca,NULL
b766481195bd1820c0eaf5dda91eae75,cónica,Forma de mazorca,El registro no tiene método asociado porque fue captura de una donación de bases de datos.,forma_mazorca,NULL
8ff6da58887d73de527644c47e89a984,cónica,Forma de mazorca,El registro no tiene método asociado porque fue captura de una donación de bases de datos.,forma_mazorca,NULL
fb099dbd8a4413ca8381786768cef8c9,cónica,Forma de mazorca,El registro no tiene método asociado porque fue captura de una donación de bases de datos.,forma_mazorca,NULL
1ecd4f648ca9e30db66d530b9ce8cbdf,cónica,Forma de mazorca,El registro no tiene método asociado porque fue captura de una donación de bases de datos.,forma_mazorca,NULL
f5d980b14a8fd720d9df6cb30cc586d5,cónica,Forma de mazorca,El registro no tiene método asociado porque fue captura de una donación de bases de datos.,forma_mazorca,NULL
457e39fb41e8ed8eb30598956d8aa6ff,cónica,Forma de mazorca,El registro no tiene método asociado porque fue captura de una donación de bases de datos.,forma_mazorca,NULL
3fa10d974df67461d8a63232965c4806,cónica,Forma de mazorca,El registro no tiene método asociado porque fue captura de una donación de bases de datos.,forma_mazorca,NULL
8c41809bca3c1b6a1057d4c7b14e2bd1,cónica,Forma de mazorca,El registro no tiene método asociado porque fue captura de una donación de bases de datos.,forma_mazorca,NULL
44ce428b75e6801c6420571c2b08b745,cónica,Forma de mazorca,El registro no tiene método asociado porque fue captura de una donación de bases de datos.,forma_mazorca,NULL
5b1e47d58f540276d644dec6d54d388d,cónica,Forma de mazorca,El registro no tiene método asociado porque fue captura de una donación de bases de datos.,forma_mazorca,NULL
88859b0b578ae97a5efb949376e5c685,cónica,Forma de mazorca,El registro no tiene método asociado porque fue captura de una donación de bases de datos.,forma_mazorca,NULL
ff3a7a0fdda6e5bdd23e160d1bbe5c8e,cónica,Forma de mazorca,El registro no tiene método asociado porque fue captura de una donación de bases de datos.,forma_mazorca,NULL
c6a3e55a865d85e2634e99c03298a737,cónica,Forma de mazorca,El registro no tiene método asociado porque fue captura de una donación de bases de datos.,forma_mazorca,NULL
17bc833e547867bd029f830db9ad04ea,cónica,Forma de mazorca,El registro no tiene método asociado porque fue captura de una donación de bases de datos.,forma_mazorca,NULL
504500c58a3bcc0cc3af402b416a1a62,cónica,Forma de mazorca,El registro no tiene método asociado porque fue captura de una donación de bases de datos.,forma_mazorca,NULL
e7a8568625c80bc93b6a1125846f254c,cónica,Forma de mazorca,El registro no tiene método asociado porque fue captura de una donación de bases de datos.,forma_mazorca,NULL
27df42b702f14da0565fc9c06ec1d1b9,cónica,Forma de mazorca,El registro no tiene método asociado porque fue captura de una donación de bases de datos.,forma_mazorca,NULL
7587acf631d1578a7ee01e6d22f5f7d3,cónica,Forma de mazorca,El registro no tiene método asociado porque fue captura de una donación de bases de datos.,forma_mazorca,NULL
ee016bd6b5ebe2d7d9a3ca325af42eae,cónica,Forma de mazorca,El registro no tiene método asociado porque fue captura de una donación de bases de datos.,forma_mazorca,NULL
5364a177f025175e82ff9489e5109de0,cónica,Forma de mazorca,El registro no tiene método asociado porque fue captura de una donación de bases de datos.,forma_mazorca,NULL
ae2de6b8093fdce79d5bfd287ddff934,cónica,Forma de mazorca,El registro no tiene método asociado porque fue captura de una donación de bases de datos.,forma_mazorca,NULL
25d225c921170aea6950442056333fbd,cónica,Forma de mazorca,El registro no tiene método asociado porque fue captura de una donación de bases de datos.,forma_mazorca,NULL
7039502cc2ee3b7c2d574b40bd956ecd,cónica,Forma de mazorca,El registro no tiene método asociado porque fue captura de una donación de bases de datos.,forma_mazorca,NULL
c154eafcf36f4774435ac161ed3d8048,cónica,Forma de mazorca,El registro no tiene método asociado porque fue captura de una donación de bases de datos.,forma_mazorca,NULL
ec092a426b023c860e01e43afdd9c791,cónica,Forma de mazorca,El registro no tiene método asociado porque fue captura de una donación de bases de datos.,forma_mazorca,NULL
d239301174c02df490d981b828108196,cónica,Forma de mazorca,El registro no tiene método asociado porque fue captura de una donación de bases de datos.,forma_mazorca,NULL
794a99156e0e1dbce7511d664fa33290,cónica,Forma de mazorca,El registro no tiene método asociado porque fue captura de una donación de bases de datos.,forma_mazorca,NULL
d622ed4606874add3364823a198a1059,cónica,Forma de mazorca,El registro no tiene método asociado porque fue captura de una donación de bases de datos.,forma_mazorca,NULL
5a0b8f635d19284438f47b8c78c37bca,cónica,Forma de mazorca,El registro no tiene método asociado porque fue captura de una donación de bases de datos.,forma_mazorca,NULL
d54c07281df1159d6b93fcd82b67fb54,cónica,Forma de mazorca,El registro no tiene método asociado porque fue captura de una donación de bases de datos.,forma_mazorca,NULL
1423d40998baf2a32c6a44c070ca8bb0,cónica,Forma de mazorca,El registro no tiene método asociado porque fue captura de una donación de bases de datos.,forma_mazorca,NULL
830aab2fd897fff8e9e189e2ecca8f57,cónica,Forma de mazorca,El registro no tiene método asociado porque fue captura de una donación de bases de datos.,forma_mazorca,NULL
97f2814770149922fbd97657ca5cb6d0,cónica,Forma de mazorca,El registro no tiene método asociado porque fue captura de una donación de bases de datos.,forma_mazorca,NULL
13e94c1d5cbbc05b5a6d92d842e25293,cónica,Forma de mazorca,El registro no tiene método asociado porque fue captura de una donación de bases de datos.,forma_mazorca,NULL
db68b648bb5d6551f2ffa94897fdae4b,cónica,Forma de mazorca,El registro no tiene método asociado porque fue captura de una donación de bases de datos.,forma_mazorca,NULL
615b566f7dac031cec252257f34f4dc5,cónica,Forma de mazorca,El registro no tiene método asociado porque fue captura de una donación de bases de datos.,forma_mazorca,NULL
3e9fa5f2268a3dcb8f1bcd2f1b5a4997,cónica,Forma de mazorca,El registro no tiene método asociado porque fue captura de una donación de bases de datos.,forma_mazorca,NULL
3bdac4d6c36b1f7cfa23b181dd5051a9,cónica,Forma de mazorca,El registro no tiene método asociado porque fue captura de una donación de bases de datos.,forma_mazorca,NULL
5eee9bd1ac1ac63c421245bd0dabcf96,cónica,Forma de mazorca,El registro no tiene método asociado porque fue captura de una donación de bases de datos.,forma_mazorca,NULL
538cd4fff5b1ce5b44515bbe4e0fc7ba,cónica,Forma de mazorca,El registro no tiene método asociado porque fue captura de una donación de bases de datos.,forma_mazorca,NULL
527a59d5174dbe80488f189c3a783966,cónica,Forma de mazorca,El registro no tiene método asociado porque fue captura de una donación de bases de datos.,forma_mazorca,NULL
5cd9d3a8f56e0da0862f78ef44059f13,cónica,Forma de mazorca,El registro no tiene método asociado porque fue captura de una donación de bases de datos.,forma_mazorca,NULL
9a57a897e36999a4c1fcdb831651edc4,cónica,Forma de mazorca,El registro no tiene método asociado porque fue captura de una donación de bases de datos.,forma_mazorca,NULL
52583e8bb98074cc369ea4ec92bb3350,cónica,Forma de mazorca,El registro no tiene método asociado porque fue captura de una donación de bases de datos.,forma_mazorca,NULL
ef7aab3d151ad60530e5149568d768b2,cónica,Forma de mazorca,El registro no tiene método asociado porque fue captura de una donación de bases de datos.,forma_mazorca,NULL
c96d1397b1b60253804fa89813143ae2,cónica,Forma de mazorca,El registro no tiene método asociado porque fue captura de una donación de bases de datos.,forma_mazorca,NULL
fabc85cd915d268b13ebf3bb9ade8d14,cónica,Forma de mazorca,El registro no tiene método asociado porque fue captura de una donación de bases de datos.,forma_mazorca,NULL
7b9fbdf6bed439dcd29e6df9860e0912,cónica,Forma de mazorca,El registro no tiene método asociado porque fue captura de una donación de bases de datos.,forma_mazorca,NULL
9e1ea27deeea87b2d806feb5a4a0a471,cónica,Forma de mazorca,El registro no tiene método asociado porque fue captura de una donación de bases de datos.,forma_mazorca,NULL
94abea952055d9248f682e48f6b8994d,cónica,Forma de mazorca,El registro no tiene método asociado porque fue captura de una donación de bases de datos.,forma_mazorca,NULL
8df2aa31db3fa5b3b3f0e59088297c3a,cónica,Forma de mazorca,El registro no tiene método asociado porque fue captura de una donación de bases de datos.,forma_mazorca,NULL
0dfe423bf010fe7e6a54a2ac444ff4f2,cónica,Forma de mazorca,El registro no tiene método asociado porque fue captura de una donación de bases de datos.,forma_mazorca,NULL
94c5f2286ba587b0f8ff73f7598b2bfb,cónica,Forma de mazorca,El registro no tiene método asociado porque fue captura de una donación de bases de datos.,forma_mazorca,NULL
e115e1f6c49ced4fcc5acfa32deae880,cónica,Forma de mazorca,El registro no tiene método asociado porque fue captura de una donación de bases de datos.,forma_mazorca,NULL
641528dd4aa3b7c27f10aa6e5d23a823,cónica,Forma de mazorca,El registro no tiene método asociado porque fue captura de una donación de bases de datos.,forma_mazorca,NULL
4366725e507f604e05e3ed4aaef0885e,cónica,Forma de mazorca,El registro no tiene método asociado porque fue captura de una donación de bases de datos.,forma_mazorca,NULL
52733c873389bb9e40961ee504fa0e38,cónica,Forma de mazorca,El registro no tiene método asociado porque fue captura de una donación de bases de datos.,forma_mazorca,NULL
8b5bf0205e29ff30c2164d97da478332,cónica,Forma de mazorca,El registro no tiene método asociado porque fue captura de una donación de bases de datos.,forma_mazorca,NULL
2c3be5a5877d32d99289cb9361b91eb7,cónica,Forma de mazorca,El registro no tiene método asociado porque fue captura de una donación de bases de datos.,forma_mazorca,NULL
1220897c1b268d19f9eecf302a953449,cónica,Forma de mazorca,El registro no tiene método asociado porque fue captura de una donación de bases de datos.,forma_mazorca,NULL
8503205171c621a8592035c9b1fd109f,cónica,Forma de mazorca,El registro no tiene método asociado porque fue captura de una donación de bases de datos.,forma_mazorca,NULL
7bb450aca4137fe0f5161f21c6a5509c,cónica,Forma de mazorca,El registro no tiene método asociado porque fue captura de una donación de bases de datos.,forma_mazorca,NULL
e4a8fa71541f792a57195d9cd5f03bd1,cónica,Forma de mazorca,El registro no tiene método asociado porque fue captura de una donación de bases de datos.,forma_mazorca,NULL
719ff171913ac04220416ae608ae61dd,cónica,Forma de mazorca,El registro no tiene método asociado porque fue captura de una donación de bases de datos.,forma_mazorca,NULL
d24cccca18d8f1f18167f21624b44650,cónica,Forma de mazorca,El registro no tiene método asociado porque fue captura de una donación de bases de datos.,forma_mazorca,NULL
ccd86f7901b1af6e0ab2a60ec1bced28,cónica,Forma de mazorca,El registro no tiene método asociado porque fue captura de una donación de bases de datos.,forma_mazorca,NULL
3ca048dccf24f73b630a380d4fd6dba1,cónica,Forma de mazorca,El registro no tiene método asociado porque fue captura de una donación de bases de datos.,forma_mazorca,NULL
135e1194406d0b21c2dfed058c1e5698,cónica,Forma de mazorca,El registro no tiene método asociado porque fue captura de una donación de bases de datos.,forma_mazorca,NULL
58be94afe86a4f64e02fdccfe740bbed,cónica,Forma de mazorca,El registro no tiene método asociado porque fue captura de una donación de bases de datos.,forma_mazorca,NULL
f0d80770bd90d6e9033b20909103a609,cónica,Forma de mazorca,El registro no tiene método asociado porque fue captura de una donación de bases de datos.,forma_mazorca,NULL
949f6b087beebbeada5df65bf22f1653,cónica,Forma de mazorca,El registro no tiene método asociado porque fue captura de una donación de bases de datos.,forma_mazorca,NULL
0a0b05b46cc81e8716933fa48e4668d1,cónica,Forma de mazorca,El registro no tiene método asociado porque fue captura de una donación de bases de datos.,forma_mazorca,NULL
30f9c250d60cf55c206fe687dea12ce9,cónica,Forma de mazorca,El registro no tiene método asociado porque fue captura de una donación de bases de datos.,forma_mazorca,NULL
5cc34ee1e995786039f9012ef862225d,cónica,Forma de mazorca,El registro no tiene método asociado porque fue captura de una donación de bases de datos.,forma_mazorca,NULL
785763397c0ee9d1b18e129562c741f7,cónica,Forma de mazorca,El registro no tiene método asociado porque fue captura de una donación de bases de datos.,forma_mazorca,NULL
f590afc592b37350da5c1d75e19b790c,cónica,Forma de mazorca,El registro no tiene método asociado porque fue captura de una donación de bases de datos.,forma_mazorca,NULL
de8d40d3f4aa832614f6b6fd6ab773f8,cónica,Forma de mazorca,El registro no tiene método asociado porque fue captura de una donación de bases de datos.,forma_mazorca,NULL
5122314bd699e87ef4c1e69d63357aaf,cónica,Forma de mazorca,El registro no tiene método asociado porque fue captura de una donación de bases de datos.,forma_mazorca,NULL
15a82920424fca2df330af79caaf0e9d,cónica,Forma de mazorca,El registro no tiene método asociado porque fue captura de una donación de bases de datos.,forma_mazorca,NULL
7ea2ff77aae2c9ed1657d05bf33f36f7,cónica,Forma de mazorca,El registro no tiene método asociado porque fue captura de una donación de bases de datos.,forma_mazorca,NULL
1fc043700471e818cbc9f973e3e4a733,cónica,Forma de mazorca,El registro no tiene método asociado porque fue captura de una donación de bases de datos.,forma_mazorca,NULL
9b2434bcbbd04571296d201617b32e09,cónica,Forma de mazorca,El registro no tiene método asociado porque fue captura de una donación de bases de datos.,forma_mazorca,NULL
575a9a74a2c6ff3e13cfc6789f0efb6b,cónica,Forma de mazorca,El registro no tiene método asociado porque fue captura de una donación de bases de datos.,forma_mazorca,NULL
a79fdd9aa91e09c4183535bc2752146e,cónica,Forma de mazorca,El registro no tiene método asociado porque fue captura de una donación de bases de datos.,forma_mazorca,NULL
d0e6cbaee772d54457ad4b2f41274e18,cónica,Forma de mazorca,El registro no tiene método asociado porque fue captura de una donación de bases de datos.,forma_mazorca,NULL
dfdba62f9a0608150bb8ccf2b1f561a7,cónica,Forma de mazorca,El registro no tiene método asociado porque fue captura de una donación de bases de datos.,forma_mazorca,NULL
ebfa2569491da859fcfb5b5e5ff86143,cónica,Forma de mazorca,El registro no tiene método asociado porque fue captura de una donación de bases de datos.,forma_mazorca,NULL
00469a271ac481f0fd363fc01d80955a,cónica,Forma de mazorca,El registro no tiene método asociado porque fue captura de una donación de bases de datos.,forma_mazorca,NULL
2eac0a154b392fb43fad92d528c29637,cónica,Forma de mazorca,El registro no tiene método asociado porque fue captura de una donación de bases de datos.,forma_mazorca,NULL
c2d7c3087a83d6fd58eec8f4d0ced9c4,cónica,Forma de mazorca,El registro no tiene método asociado porque fue captura de una donación de bases de datos.,forma_mazorca,NULL
649d75c59f686246f72b007d588a2652,cónica,Forma de mazorca,El registro no tiene método asociado porque fue captura de una donación de bases de datos.,forma_mazorca,NULL
c05e835217c30d337466bfa241b2751b,cónica,Forma de mazorca,El registro no tiene método asociado porque fue captura de una donación de bases de datos.,forma_mazorca,NULL
f55a98d674bbe49b33bbecba06a1b02f,cónica,Forma de mazorca,El registro no tiene método asociado porque fue captura de una donación de bases de datos.,forma_mazorca,NULL
e2ab523bb515ad09b51bbe22dd8468de,cónica,Forma de mazorca,El registro no tiene método asociado porque fue captura de una donación de bases de datos.,forma_mazorca,NULL
e94b8d6c8c66b53e0960d9413875bfe6,cónica,Forma de mazorca,El registro no tiene método asociado porque fue captura de una donación de bases de datos.,forma_mazorca,NULL
f49dff39c1d6797be7aaf4d13b8cce09,cónica,Forma de mazorca,El registro no tiene método asociado porque fue captura de una donación de bases de datos.,forma_mazorca,NULL
0ab4b6f9d280240f3901e37b02374c3a,cónica,Forma de mazorca,El registro no tiene método asociado porque fue captura de una donación de bases de datos.,forma_mazorca,NULL
e2e80d5846f57fad61726eeae1b34c77,cónica-cilíndrica,Forma de mazorca,El registro no tiene método asociado porque fue captura de una donación de bases de datos.,forma_mazorca,NULL
03338acf417d4699f1c900e90956a39c,cónica-cilíndrica,Forma de mazorca,El registro no tiene método asociado porque fue captura de una donación de bases de datos.,forma_mazorca,NULL
9d1dca230d91e7857dc4ed0e79a07e9f,cónica-cilíndrica,Forma de mazorca,El registro no tiene método asociado porque fue captura de una donación de bases de datos.,forma_mazorca,NULL
cc1ffde6fcec0e0a2465a00872bb64c3,cónica-cilíndrica,Forma de mazorca,El registro no tiene método asociado porque fue captura de una donación de bases de datos.,forma_mazorca,NULL
dd18947b33dc3e42648783b918ad008b,cónica-cilíndrica,Forma de mazorca,El registro no tiene método asociado porque fue captura de una donación de bases de datos.,forma_mazorca,NULL
971ab9cb6dcc3f7f7fb22458abf96c9c,cónica-cilíndrica,Forma de mazorca,El registro no tiene método asociado porque fue captura de una donación de bases de datos.,forma_mazorca,NULL
27bc07b3b980512e7b48dd655a0b14a9,cónica-cilíndrica,Forma de mazorca,El registro no tiene método asociado porque fue captura de una donación de bases de datos.,forma_mazorca,NULL
c63ab0061a946e114dfa779b4826cf12,cónica-cilíndrica,Forma de mazorca,El registro no tiene método asociado porque fue captura de una donación de bases de datos.,forma_mazorca,NULL
44f97f30bf25f69e37ae931f4c32a0f5,cónica-cilíndrica,Forma de mazorca,El registro no tiene método asociado porque fue captura de una donación de bases de datos.,forma_mazorca,NULL
f7f5fc41e787a60db9151e2fb4106232,cónica-cilíndrica,Forma de mazorca,El registro no tiene método asociado porque fue captura de una donación de bases de datos.,forma_mazorca,NULL
e85cea88ca4a539e55b81fd45bffee22,cónica-cilíndrica,Forma de mazorca,El registro no tiene método asociado porque fue captura de una donación de bases de datos.,forma_mazorca,NULL
966c7acf6da97c5cbb41ef1a779d9151,cónica-cilíndrica,Forma de mazorca,El registro no tiene método asociado porque fue captura de una donación de bases de datos.,forma_mazorca,NULL
1ec199b27f73356de226de8de8af22f6,cónica-cilíndrica,Forma de mazorca,El registro no tiene método asociado porque fue captura de una donación de bases de datos.,forma_mazorca,NULL
7b4e07e322d3234ac8bad3bcf81f5791,cónica-cilíndrica,Forma de mazorca,El registro no tiene método asociado porque fue captura de una donación de bases de datos.,forma_mazorca,NULL
c7e0da75203f9811b4f159dd76dc7184,cónica-cilíndrica,Forma de mazorca,El registro no tiene método asociado porque fue captura de una donación de bases de datos.,forma_mazorca,NULL
48de1c76a56f983b561dbc94ef339525,cónica-cilíndrica,Forma de mazorca,El registro no tiene método asociado porque fue captura de una donación de bases de datos.,forma_mazorca,NULL
92002d2124682fb478c6d19dc3bad55c,cónica-cilíndrica,Forma de mazorca,El registro no tiene método asociado porque fue captura de una donación de bases de datos.,forma_mazorca,NULL
3ca88e864add352fe1afa086e9377b39,cónica-cilíndrica,Forma de mazorca,El registro no tiene método asociado porque fue captura de una donación de bases de datos.,forma_mazorca,NULL
93bd3f3270cc96405e18f316e12cb503,cilíndrica,Forma de mazorca,El registro no tiene método asociado porque fue captura de una donación de bases de datos.,forma_mazorca,NULL
6ed63f841fab52b7fe8091cc7735784f,cilíndrica,Forma de mazorca,El registro no tiene método asociado porque fue captura de una donación de bases de datos.,forma_mazorca,NULL
796dd35981b88d76c17de8130f51f652,cilíndrica,Forma de mazorca,El registro no tiene método asociado porque fue captura de una donación de bases de datos.,forma_mazorca,NULL
22ef9586d2503ea75dadb379b3a9d90c,cilíndrica,Forma de mazorca,El registro no tiene método asociado porque fue captura de una donación de bases de datos.,forma_mazorca,NULL
557ceb0c84a2029c5475400ac979c3fc,cilíndrica,Forma de mazorca,El registro no tiene método asociado porque fue captura de una donación de bases de datos.,forma_mazorca,NULL
94643fe8d62322827341608ba0574115,cilíndrica,Forma de mazorca,El registro no tiene método asociado porque fue captura de una donación de bases de datos.,forma_mazorca,NULL
43b1d0aa935aa2b9e880e461ac6603b8,cilíndrica,Forma de mazorca,El registro no tiene método asociado porque fue captura de una donación de bases de datos.,forma_mazorca,NULL
a5890b1582e24c1767972c4bebf13404,cilíndrica,Forma de mazorca,El registro no tiene método asociado porque fue captura de una donación de bases de datos.,forma_mazorca,NULL
b447cbd31ac81176d42e63e9ed3d8e54,cilíndrica,Forma de mazorca,El registro no tiene método asociado porque fue captura de una donación de bases de datos.,forma_mazorca,NULL
04e1768cb3ea0b4e228afbdd76705f25,cilíndrica,Forma de mazorca,El registro no tiene método asociado porque fue captura de una donación de bases de datos.,forma_mazorca,NULL
44f2cf73198bb87ade6129686115df2f,cilíndrica,Forma de mazorca,El registro no tiene método asociado porque fue captura de una donación de bases de datos.,forma_mazorca,NULL
119779d186083368608ca04634808575,cilíndrica,Forma de mazorca,El registro no tiene método asociado porque fue captura de una donación de bases de datos.,forma_mazorca,NULL
6ebcef34cb3e31345ddeae80415cbcd5,cilíndrica,Forma de mazorca,El registro no tiene método asociado porque fue captura de una donación de bases de datos.,forma_mazorca,NULL
868f431a269e5ee328ab7dc0223c8028,cilíndrica,Forma de mazorca,El registro no tiene método asociado porque fue captura de una donación de bases de datos.,forma_mazorca,NULL
b85081c704c658e656586ffcc8a8a450,cilíndrica,Forma de mazorca,El registro no tiene método asociado porque fue captura de una donación de bases de datos.,forma_mazorca,NULL
955f5cd8e67db6efaaff1d0c588c0518,cilíndrica,Forma de mazorca,El registro no tiene método asociado porque fue captura de una donación de bases de datos.,forma_mazorca,NULL
7320bdd0156be8fd1b2422fbc321bf21,cilíndrica,Forma de mazorca,El registro no tiene método asociado porque fue captura de una donación de bases de datos.,forma_mazorca,NULL
998674349aa07a39ed917f44d34ab13d,cilíndrica,Forma de mazorca,El registro no tiene método asociado porque fue captura de una donación de bases de datos.,forma_mazorca,NULL
02070fa41145420b0dbcf05ad087367a,cilíndrica,Forma de mazorca,El registro no tiene método asociado porque fue captura de una donación de bases de datos.,forma_mazorca,NULL
f75a8cca2dc5a4a5ce943a173e50d89b,cilíndrica,Forma de mazorca,El registro no tiene método asociado porque fue captura de una donación de bases de datos.,forma_mazorca,NULL
f34c8ab5cabf3ad555c1e3c5dc361efd,cilíndrica,Forma de mazorca,El registro no tiene método asociado porque fue captura de una donación de bases de datos.,forma_mazorca,NULL
3107972290986657f9b42d884bb04bd0,cilíndrica,Forma de mazorca,El registro no tiene método asociado porque fue captura de una donación de bases de datos.,forma_mazorca,NULL
f55ffaf6d1cfa42a064a5ebbbce14c83,cilíndrica,Forma de mazorca,El registro no tiene método asociado porque fue captura de una donación de bases de datos.,forma_mazorca,NULL
75042655dc86615e0620d3e86614d278,cilíndrica,Forma de mazorca,El registro no tiene método asociado porque fue captura de una donación de bases de datos.,forma_mazorca,NULL
38e72569ac1eaa16e188ba495f44d325,cilíndrica,Forma de mazorca,El registro no tiene método asociado porque fue captura de una donación de bases de datos.,forma_mazorca,NULL
d187fc03a939de5522ce33a1a2780d09,cilíndrica,Forma de mazorca,El registro no tiene método asociado porque fue captura de una donación de bases de datos.,forma_mazorca,NULL
ada66ec6f74bbc9e13505da0a91d13bd,cilíndrica,Forma de mazorca,El registro no tiene método asociado porque fue captura de una donación de bases de datos.,forma_mazorca,NULL
9a2530580a9017b8f3a77cb644000619,cilíndrica,Forma de mazorca,El registro no tiene método asociado porque fue captura de una donación de bases de datos.,forma_mazorca,NULL
c3280c778ce19dbdc0cc4d6805984abd,cilíndrica,Forma de mazorca,El registro no tiene método asociado porque fue captura de una donación de bases de datos.,forma_mazorca,NULL
31e29b216458b6aeac9df7e959e8916c,cilíndrica,Forma de mazorca,El registro no tiene método asociado porque fue captura de una donación de bases de datos.,forma_mazorca,NULL
a17f114879a0f089ba84283974e95730,cilíndrica,Forma de mazorca,El registro no tiene método asociado porque fue captura de una donación de bases de datos.,forma_mazorca,NULL
54c2f4688ec84379b6fbf61377fdcbf8,cilíndrica,Forma de mazorca,El registro no tiene método asociado porque fue captura de una donación de bases de datos.,forma_mazorca,NULL
05b1311e507e0e77dd1c4231b0c27442,cilíndrica,Forma de mazorca,El registro no tiene método asociado porque fue captura de una donación de bases de datos.,forma_mazorca,NULL
a9f591367a96c889b1e286e90a74400e,cilíndrica,Forma de mazorca,El registro no tiene método asociado porque fue captura de una donación de bases de datos.,forma_mazorca,NULL
125f377a777c9c5b4a1a8d1083a4ea17,cilíndrica,Forma de mazorca,El registro no tiene método asociado porque fue captura de una donación de bases de datos.,forma_mazorca,NULL
07958aca8b10380e5c8d1e6990f7dff1,cilíndrica,Forma de mazorca,El registro no tiene método asociado porque fue captura de una donación de bases de datos.,forma_mazorca,NULL
d5f19cbf3485a435dc1381ece69043ae,cilíndrica,Forma de mazorca,El registro no tiene método asociado porque fue captura de una donación de bases de datos.,forma_mazorca,NULL
13d8440c319b91803e72035b9c398967,cilíndrica,Forma de mazorca,El registro no tiene método asociado porque fue captura de una donación de bases de datos.,forma_mazorca,NULL
6e03cdcade46eb431cfdec6f9507ae69,cilíndrica,Forma de mazorca,El registro no tiene método asociado porque fue captura de una donación de bases de datos.,forma_mazorca,NULL
5ba4fda049b0c58da216f9b9ce866e73,cilíndrica,Forma de mazorca,El registro no tiene método asociado porque fue captura de una donación de bases de datos.,forma_mazorca,NULL
a090d26684d90f9b8627955052073c25,cilíndrica,Forma de mazorca,El registro no tiene método asociado porque fue captura de una donación de bases de datos.,forma_mazorca,NULL
0b71fce9e97dc9755e352c5c42d6c683,cilíndrica,Forma de mazorca,El registro no tiene método asociado porque fue captura de una donación de bases de datos.,forma_mazorca,NULL
8f535804ec0d084c065162bde509c474,cilíndrica,Forma de mazorca,El registro no tiene método asociado porque fue captura de una donación de bases de datos.,forma_mazorca,NULL
825a9679698ad7b755c44f17ab551232,cilíndrica,Forma de mazorca,El registro no tiene método asociado porque fue captura de una donación de bases de datos.,forma_mazorca,NULL
b766481195bd1820c0eaf5dda91eae75,cilíndrica,Forma de mazorca,El registro no tiene método asociado porque fue captura de una donación de bases de datos.,forma_mazorca,NULL
8ff6da58887d73de527644c47e89a984,cilíndrica,Forma de mazorca,El registro no tiene método asociado porque fue captura de una donación de bases de datos.,forma_mazorca,NULL
421083b3d3fc6c6871a73c96b12a43f2,cilíndrica,Forma de mazorca,El registro no tiene método asociado porque fue captura de una donación de bases de datos.,forma_mazorca,NULL
02462a8cbdc86ad398a7fc82fab58a08,cilíndrica,Forma de mazorca,El registro no tiene método asociado porque fue captura de una donación de bases de datos.,forma_mazorca,NULL
e1b46f0dff6c1690b475456fc71a00d2,cilíndrica,Forma de mazorca,El registro no tiene método asociado porque fue captura de una donación de bases de datos.,forma_mazorca,NULL
31d6c8fce5567e2c4c292a15c03a6727,cilíndrica,Forma de mazorca,El registro no tiene método asociado porque fue captura de una donación de bases de datos.,forma_mazorca,NULL
6d9ff51d87c2bed9da4b1c34d470d761,cilíndrica,Forma de mazorca,El registro no tiene método asociado porque fue captura de una donación de bases de datos.,forma_mazorca,NULL
ec0572ea58010d14e2acf28db810cf86,cilíndrica,Forma de mazorca,El registro no tiene método asociado porque fue captura de una donación de bases de datos.,forma_mazorca,NULL
b2ba3bdcf9442713fd44c5054b8135de,cilíndrica,Forma de mazorca,El registro no tiene método asociado porque fue captura de una donación de bases de datos.,forma_mazorca,NULL
a68e66d0589ff89f575b069cc3c5243e,cilíndrica,Forma de mazorca,El registro no tiene método asociado porque fue captura de una donación de bases de datos.,forma_mazorca,NULL
1bc29da05a8c47d1ba48667e92f57192,cilíndrica,Forma de mazorca,El registro no tiene método asociado porque fue captura de una donación de bases de datos.,forma_mazorca,NULL
fd7cfe4ec352ee664a092013e443e2df,cilíndrica,Forma de mazorca,El registro no tiene método asociado porque fue captura de una donación de bases de datos.,forma_mazorca,NULL
1401763ed3a166360ed0fe7789daf958,cilíndrica,Forma de mazorca,El registro no tiene método asociado porque fue captura de una donación de bases de datos.,forma_mazorca,NULL
34a4239886a5a79a0b2e0ad27b8fb904,cilíndrica,Forma de mazorca,El registro no tiene método asociado porque fue captura de una donación de bases de datos.,forma_mazorca,NULL
3a685b6d859b195a6cd2b5e22682ac6c,cilíndrica,Forma de mazorca,El registro no tiene método asociado porque fue captura de una donación de bases de datos.,forma_mazorca,NULL
02e591fe92a7739883ccdb9d7ccfc04f,cilíndrica,Forma de mazorca,El registro no tiene método asociado porque fue captura de una donación de bases de datos.,forma_mazorca,NULL
9fe0465b11226d3196a9142a528ba6bb,cilíndrica,Forma de mazorca,El registro no tiene método asociado porque fue captura de una donación de bases de datos.,forma_mazorca,NULL
65555e9928258516be1f2ed419bebe22,cilíndrica,Forma de mazorca,El registro no tiene método asociado porque fue captura de una donación de bases de datos.,forma_mazorca,NULL
095c82336f3bf1f1c3dbc0c01ec23136,cilíndrica,Forma de mazorca,El registro no tiene método asociado porque fue captura de una donación de bases de datos.,forma_mazorca,NULL
2822abb52a4b98f3d5f6b0b9819a43d0,cilíndrica,Forma de mazorca,El registro no tiene método asociado porque fue captura de una donación de bases de datos.,forma_mazorca,NULL
a6c5fb847e5cd6c079677b1d9b608ffc,cilíndrica,Forma de mazorca,El registro no tiene método asociado porque fue captura de una donación de bases de datos.,forma_mazorca,NULL
fc15e6100bea1f2d42df37149ab78316,cilíndrica,Forma de mazorca,El registro no tiene método asociado porque fue captura de una donación de bases de datos.,forma_mazorca,NULL
5eb7a614ebfdcd57fc7caff83bcb4e09,cilíndrica,Forma de mazorca,El registro no tiene método asociado porque fue captura de una donación de bases de datos.,forma_mazorca,NULL
269d15f33a32b4e2d8b15a2cce684366,cilíndrica,Forma de mazorca,El registro no tiene método asociado porque fue captura de una donación de bases de datos.,forma_mazorca,NULL
670fa0c258883614d5c680b73a1abd25,cilíndrica,Forma de mazorca,El registro no tiene método asociado porque fue captura de una donación de bases de datos.,forma_mazorca,NULL
3065c0e9919ad01c25f2cc9082788bbd,cilíndrica,Forma de mazorca,El registro no tiene método asociado porque fue captura de una donación de bases de datos.,forma_mazorca,NULL
56e500cda1096ce97a2d25f2443ded48,cilíndrica,Forma de mazorca,El registro no tiene método asociado porque fue captura de una donación de bases de datos.,forma_mazorca,NULL
76d293e2cfc4418d1776f3ab5db4b02c,cilíndrica,Forma de mazorca,El registro no tiene método asociado porque fue captura de una donación de bases de datos.,forma_mazorca,NULL
78cb9e1c57c812db115f9511b03feedd,cilíndrica,Forma de mazorca,El registro no tiene método asociado porque fue captura de una donación de bases de datos.,forma_mazorca,NULL
315542e6f211120e6ff8829fc19fe6b3,cilíndrica,Forma de mazorca,El registro no tiene método asociado porque fue captura de una donación de bases de datos.,forma_mazorca,NULL
775572c2a99667a05af3f36f3ad76a6b,cilíndrica,Forma de mazorca,El registro no tiene método asociado porque fue captura de una donación de bases de datos.,forma_mazorca,NULL
f4483c353949f7d29df9bbc271f1589c,cilíndrica,Forma de mazorca,El registro no tiene método asociado porque fue captura de una donación de bases de datos.,forma_mazorca,NULL
eba4de632ca2ff83fb82f4bc786adccb,cilíndrica,Forma de mazorca,El registro no tiene método asociado porque fue captura de una donación de bases de datos.,forma_mazorca,NULL
74c4abe1aaa7cf8ed8e606ed23013f39,cilíndrica,Forma de mazorca,El registro no tiene método asociado porque fue captura de una donación de bases de datos.,forma_mazorca,NULL
33ff7b244b37088a4e9b61a7e69844c6,cilíndrica,Forma de mazorca,El registro no tiene método asociado porque fue captura de una donación de bases de datos.,forma_mazorca,NULL
58859a33d57a5c8b3c4a651c6a2d040b,cilíndrica,Forma de mazorca,El registro no tiene método asociado porque fue captura de una donación de bases de datos.,forma_mazorca,NULL
247f830218793562d92c236f6c416b76,cilíndrica,Forma de mazorca,El registro no tiene método asociado porque fue captura de una donación de bases de datos.,forma_mazorca,NULL
003ba6aaba2e5de482c57c2433713732,cilíndrica,Forma de mazorca,El registro no tiene método asociado porque fue captura de una donación de bases de datos.,forma_mazorca,NULL
afb28a89d08cffeaaf9f04149c15249a,cilíndrica,Forma de mazorca,El registro no tiene método asociado porque fue captura de una donación de bases de datos.,forma_mazorca,NULL
53d4bfcdf3b687a02d1602834de92dae,cilíndrica,Forma de mazorca,El registro no tiene método asociado porque fue captura de una donación de bases de datos.,forma_mazorca,NULL
48b3dce6ae3d2c2f7f3ec2f74bce10e0,cilíndrica,Forma de mazorca,El registro no tiene método asociado porque fue captura de una donación de bases de datos.,forma_mazorca,NULL
cd0a7d1cc3419c9e0cf3361fc6ed2268,cilíndrica,Forma de mazorca,El registro no tiene método asociado porque fue captura de una donación de bases de datos.,forma_mazorca,NULL
0991e2932481aab17600d471fdc2fea9,cilíndrica,Forma de mazorca,El registro no tiene método asociado porque fue captura de una donación de bases de datos.,forma_mazorca,NULL
56779b96afd42c88f76e89678198ed79,cilíndrica,Forma de mazorca,El registro no tiene método asociado porque fue captura de una donación de bases de datos.,forma_mazorca,NULL
f172556522926303985ad591ab8c132a,cilíndrica,Forma de mazorca,El registro no tiene método asociado porque fue captura de una donación de bases de datos.,forma_mazorca,NULL
7236ce46d31cfa14c04c02888ab355fd,cilíndrica,Forma de mazorca,El registro no tiene método asociado porque fue captura de una donación de bases de datos.,forma_mazorca,NULL
956b6e53e229a85e94501e032d95dc9c,cilíndrica,Forma de mazorca,El registro no tiene método asociado porque fue captura de una donación de bases de datos.,forma_mazorca,NULL
596400b529bd48c0512724d513529444,cilíndrica,Forma de mazorca,El registro no tiene método asociado porque fue captura de una donación de bases de datos.,forma_mazorca,NULL
1e4de2437222645c365358a2ae5034b9,cilíndrica,Forma de mazorca,El registro no tiene método asociado porque fue captura de una donación de bases de datos.,forma_mazorca,NULL
d615f6fc1b7d6c1c2b6913d4545114c7,cilíndrica,Forma de mazorca,El registro no tiene método asociado porque fue captura de una donación de bases de datos.,forma_mazorca,NULL
0f047b323473937320dcd776783ac8f5,cilíndrica,Forma de mazorca,El registro no tiene método asociado porque fue captura de una donación de bases de datos.,forma_mazorca,NULL
3dd4125c3af7883f368cb368de9d7bc9,cilíndrica,Forma de mazorca,El registro no tiene método asociado porque fue captura de una donación de bases de datos.,forma_mazorca,NULL
419a2b082610608ad8d8a34d4502aa8e,cilíndrica,Forma de mazorca,El registro no tiene método asociado porque fue captura de una donación de bases de datos.,forma_mazorca,NULL
abc45098a74cc64533776da7a8414676,cilíndrica,Forma de mazorca,El registro no tiene método asociado porque fue captura de una donación de bases de datos.,forma_mazorca,NULL
23055590124501b4d6c21f8973fac0fc,cilíndrica,Forma de mazorca,El registro no tiene método asociado porque fue captura de una donación de bases de datos.,forma_mazorca,NULL
e2d2d24a1047680b68dd66bc6fd80ba8,cilíndrica,Forma de mazorca,El registro no tiene método asociado porque fue captura de una donación de bases de datos.,forma_mazorca,NULL
5a07a5495ca6e5fde23641fb15d3efc7,cilíndrica,Forma de mazorca,El registro no tiene método asociado porque fue captura de una donación de bases de datos.,forma_mazorca,NULL
f5b13d479e59edf9836e88f97a85462b,cilíndrica,Forma de mazorca,El registro no tiene método asociado porque fue captura de una donación de bases de datos.,forma_mazorca,NULL
1b5c19457a30dceea588a391813abaaa,cilíndrica,Forma de mazorca,El registro no tiene método asociado porque fue captura de una donación de bases de datos.,forma_mazorca,NULL
5a9044e25e645539f3a71b4ed2a4ce34,cilíndrica,Forma de mazorca,El registro no tiene método asociado porque fue captura de una donación de bases de datos.,forma_mazorca,NULL
431e17532f6033bfa6b293fd48baf278,cilíndrica,Forma de mazorca,El registro no tiene método asociado porque fue captura de una donación de bases de datos.,forma_mazorca,NULL
4cb545454d5d61c9cec120b6a046f3d5,cilíndrica,Forma de mazorca,El registro no tiene método asociado porque fue captura de una donación de bases de datos.,forma_mazorca,NULL
58e775a1d8eac4b76437e8a506b14324,cilíndrica,Forma de mazorca,El registro no tiene método asociado porque fue captura de una donación de bases de datos.,forma_mazorca,NULL
3ef646c0f2c22e8838d2656e9cafe27a,cilíndrica,Forma de mazorca,El registro no tiene método asociado porque fue captura de una donación de bases de datos.,forma_mazorca,NULL
e7a452d24a8874df12884b8b8c6d6f01,cilíndrica,Forma de mazorca,El registro no tiene método asociado porque fue captura de una donación de bases de datos.,forma_mazorca,NULL
4d20525a716764cf804b3e2d2872b982,cilíndrica,Forma de mazorca,El registro no tiene método asociado porque fue captura de una donación de bases de datos.,forma_mazorca,NULL
91ab904a8692ef563e65cfcf7d92d67a,cilíndrica,Forma de mazorca,El registro no tiene método asociado porque fue captura de una donación de bases de datos.,forma_mazorca,NULL
34976f284252093e59b77970fe0028d8,cilíndrica,Forma de mazorca,El registro no tiene método asociado porque fue captura de una donación de bases de datos.,forma_mazorca,NULL
cf96fbeddb30b26cac5f6a4b55d2f485,cilíndrica,Forma de mazorca,El registro no tiene método asociado porque fue captura de una donación de bases de datos.,forma_mazorca,NULL
6223432fd055ad0f8502ebea21e5919b,cilíndrica,Forma de mazorca,El registro no tiene método asociado porque fue captura de una donación de bases de datos.,forma_mazorca,NULL
9f53404ed63594a071be66c2657fb9fe,cilíndrica,Forma de mazorca,El registro no tiene método asociado porque fue captura de una donación de bases de datos.,forma_mazorca,NULL
cbec8e6377c47d8867425e522530760c,cilíndrica,Forma de mazorca,El registro no tiene método asociado porque fue captura de una donación de bases de datos.,forma_mazorca,NULL
dc7b71e6aaea38940549ddb384624c05,cilíndrica,Forma de mazorca,El registro no tiene método asociado porque fue captura de una donación de bases de datos.,forma_mazorca,NULL
9731a5ed7eef24267b350bc325c3facd,cilíndrica,Forma de mazorca,El registro no tiene método asociado porque fue captura de una donación de bases de datos.,forma_mazorca,NULL
4c1687ddfd0e6d73bdbc49ad62f4d9f5,cilíndrica,Forma de mazorca,El registro no tiene método asociado porque fue captura de una donación de bases de datos.,forma_mazorca,NULL
be5bbf774d0e06a1d5c7a76e70ca1919,cilíndrica,Forma de mazorca,El registro no tiene método asociado porque fue captura de una donación de bases de datos.,forma_mazorca,NULL
c24c85ee23f2e3f082da68589bbb13d3,cilíndrica,Forma de mazorca,El registro no tiene método asociado porque fue captura de una donación de bases de datos.,forma_mazorca,NULL
22799513f7a6e896dea1f7e9eb0f8467,cilíndrica,Forma de mazorca,El registro no tiene método asociado porque fue captura de una donación de bases de datos.,forma_mazorca,NULL
cc7496c7dcadb2654075336a4105177f,cilíndrica,Forma de mazorca,El registro no tiene método asociado porque fue captura de una donación de bases de datos.,forma_mazorca,NULL
d66581923dff3addfed62fcc476b36f5,cilíndrica,Forma de mazorca,El registro no tiene método asociado porque fue captura de una donación de bases de datos.,forma_mazorca,NULL
95161fc9403dd498d78010c3124db95c,cilíndrica,Forma de mazorca,El registro no tiene método asociado porque fue captura de una donación de bases de datos.,forma_mazorca,NULL
c42247aefef902c3e6c342c0769f09e4,cilíndrica,Forma de mazorca,El registro no tiene método asociado porque fue captura de una donación de bases de datos.,forma_mazorca,NULL
83093ab9883b3687f62098575a4102f7,cilíndrica,Forma de mazorca,El registro no tiene método asociado porque fue captura de una donación de bases de datos.,forma_mazorca,NULL
4d3b004be4aad54721091cba0f73eb4d,cilíndrica,Forma de mazorca,El registro no tiene método asociado porque fue captura de una donación de bases de datos.,forma_mazorca,NULL
6791b6cde79c6f40638ecb46c5d5147d,cilíndrica,Forma de mazorca,El registro no tiene método asociado porque fue captura de una donación de bases de datos.,forma_mazorca,NULL
2d90f6f1bd03f2ea592443bfdcb14773,cilíndrica,Forma de mazorca,El registro no tiene método asociado porque fue captura de una donación de bases de datos.,forma_mazorca,NULL
8b5488cf676c03a16b5ce202053e234d,cilíndrica,Forma de mazorca,El registro no tiene método asociado porque fue captura de una donación de bases de datos.,forma_mazorca,NULL
4b11be215724bde8789ad0c631eb919c,cilíndrica,Forma de mazorca,El registro no tiene método asociado porque fue captura de una donación de bases de datos.,forma_mazorca,NULL
80ab21150f3a43e8338dad90e24ed669,cilíndrica,Forma de mazorca,El registro no tiene método asociado porque fue captura de una donación de bases de datos.,forma_mazorca,NULL
d05df26a9c355da77cb7c77b80c1e9da,cilíndrica,Forma de mazorca,El registro no tiene método asociado porque fue captura de una donación de bases de datos.,forma_mazorca,NULL
ab5bd90c8b7b58855262f5855892697c,cilíndrica,Forma de mazorca,El registro no tiene método asociado porque fue captura de una donación de bases de datos.,forma_mazorca,NULL
91988f5454062fcd4d4537cc649a458c,cilíndrica,Forma de mazorca,El registro no tiene método asociado porque fue captura de una donación de bases de datos.,forma_mazorca,NULL
401502f9db3f2dbd328b957a63977d82,cilíndrica,Forma de mazorca,El registro no tiene método asociado porque fue captura de una donación de bases de datos.,forma_mazorca,NULL
048e137175eadd019303d614795761a3,cilíndrica,Forma de mazorca,El registro no tiene método asociado porque fue captura de una donación de bases de datos.,forma_mazorca,NULL
100604393ce3b9e289443554da375886,cilíndrica,Forma de mazorca,El registro no tiene método asociado porque fue captura de una donación de bases de datos.,forma_mazorca,NULL
1bce239db4e62bf8c8931371abbd0c1b,cilíndrica,Forma de mazorca,El registro no tiene método asociado porque fue captura de una donación de bases de datos.,forma_mazorca,NULL
5e21ed6534f58db3b5e2c915fc282a0a,cilíndrica,Forma de mazorca,El registro no tiene método asociado porque fue captura de una donación de bases de datos.,forma_mazorca,NULL
c23acd87473935c46a3a444a85d06fe5,cilíndrica,Forma de mazorca,El registro no tiene método asociado porque fue captura de una donación de bases de datos.,forma_mazorca,NULL
224ffc69bbca16254c3465cd015936f6,cilíndrica,Forma de mazorca,El registro no tiene método asociado porque fue captura de una donación de bases de datos.,forma_mazorca,NULL
d8ba2b7015d80e186c1ae8007db4e33a,cilíndrica,Forma de mazorca,El registro no tiene método asociado porque fue captura de una donación de bases de datos.,forma_mazorca,NULL
cfbb9808258ca5153f626eb270e47cb6,cilíndrica,Forma de mazorca,El registro no tiene método asociado porque fue captura de una donación de bases de datos.,forma_mazorca,NULL
f8a59385dabd04d595284c88a32d112c,cilíndrica,Forma de mazorca,El registro no tiene método asociado porque fue captura de una donación de bases de datos.,forma_mazorca,NULL
e14ac161bbb650b7bb5c373d31efa4a3,cilíndrica,Forma de mazorca,El registro no tiene método asociado porque fue captura de una donación de bases de datos.,forma_mazorca,NULL
cd98c594833e92179a3ab4bc0d58ad77,cilíndrica,Forma de mazorca,El registro no tiene método asociado porque fue captura de una donación de bases de datos.,forma_mazorca,NULL
6734b5ecb251f8d3ebf2dea4708d07a0,cilíndrica,Forma de mazorca,El registro no tiene método asociado porque fue captura de una donación de bases de datos.,forma_mazorca,NULL
5867a1a95f1722ef60f92305d786b30d,cilíndrica,Forma de mazorca,El registro no tiene método asociado porque fue captura de una donación de bases de datos.,forma_mazorca,NULL
7e1cabfeb36c17340fb9b540fc4e98d0,cilíndrica,Forma de mazorca,El registro no tiene método asociado porque fue captura de una donación de bases de datos.,forma_mazorca,NULL
11475a25a61db89d55a3dc45f653167e,cilíndrica,Forma de mazorca,El registro no tiene método asociado porque fue captura de una donación de bases de datos.,forma_mazorca,NULL
fdd33740a01bb7e3ee1cd05043486ea3,cilíndrica,Forma de mazorca,El registro no tiene método asociado porque fue captura de una donación de bases de datos.,forma_mazorca,NULL
2177708f204f9976f8dd2cb4a3379b42,cilíndrica,Forma de mazorca,El registro no tiene método asociado porque fue captura de una donación de bases de datos.,forma_mazorca,NULL
