"registro_id","valor","unidad","nombre","comentarios","nombre_corto","metodo_id"
"fee506c7306877ca1912a1751aa3f1db",13,"conteo","Hileras por mazorca","El registro no tiene método asociado porque fue captura de una donación de bases de datos.","hileras_mazorca","NULL"
"77bbab708d51f9dca9e8869dbbad675f",13,"conteo","Hileras por mazorca","El registro no tiene método asociado porque fue captura de una donación de bases de datos.","hileras_mazorca","NULL"
"253deccd16940eb6780ae64d0513d583",13,"conteo","Hileras por mazorca","El registro no tiene método asociado porque fue captura de una donación de bases de datos.","hileras_mazorca","NULL"
"717a500252d0e0f0cfc46ec202ce2bc2",12,"conteo","Hileras por mazorca","El registro no tiene método asociado porque fue captura de una donación de bases de datos.","hileras_mazorca","NULL"
"b59b5d1d4df37a067cccc3a12660793a",13,"conteo","Hileras por mazorca","El registro no tiene método asociado porque fue captura de una donación de bases de datos.","hileras_mazorca","NULL"
"84e522c71138eb3aff7a75a5721da82e",14,"conteo","Hileras por mazorca","El registro no tiene método asociado porque fue captura de una donación de bases de datos.","hileras_mazorca","NULL"
"2bfb9ac446449a864c0af16784f81296",14,"conteo","Hileras por mazorca","El registro no tiene método asociado porque fue captura de una donación de bases de datos.","hileras_mazorca","NULL"
"4d4b1507f94ed62c52092aff71a55590",11,"conteo","Hileras por mazorca","El registro no tiene método asociado porque fue captura de una donación de bases de datos.","hileras_mazorca","NULL"
"c81a5931c536b3db316e09d5fefb33db",11,"conteo","Hileras por mazorca","El registro no tiene método asociado porque fue captura de una donación de bases de datos.","hileras_mazorca","NULL"
"7b19a04e8ad5d5b8b8b3d9ff147c5bc0",13,"conteo","Hileras por mazorca","El registro no tiene método asociado porque fue captura de una donación de bases de datos.","hileras_mazorca","NULL"
"51c71ae96b9dae5c19ae44c25ef1e3b5",12,"conteo","Hileras por mazorca","El registro no tiene método asociado porque fue captura de una donación de bases de datos.","hileras_mazorca","NULL"
"5f4d02a52a97909b5f5bf88bf7bacfc5",12,"conteo","Hileras por mazorca","El registro no tiene método asociado porque fue captura de una donación de bases de datos.","hileras_mazorca","NULL"
"9a3a1279051a278f6bdeddbcdb51e32c",11,"conteo","Hileras por mazorca","El registro no tiene método asociado porque fue captura de una donación de bases de datos.","hileras_mazorca","NULL"
"997c3f33b69199366dc3aab152f57d3c",12,"conteo","Hileras por mazorca","El registro no tiene método asociado porque fue captura de una donación de bases de datos.","hileras_mazorca","NULL"
"a09f6ae5c5b595e788f6603d4348bff1",14,"conteo","Hileras por mazorca","El registro no tiene método asociado porque fue captura de una donación de bases de datos.","hileras_mazorca","NULL"
"f3aac0ef189268d23610acc411fe6353",11,"conteo","Hileras por mazorca","El registro no tiene método asociado porque fue captura de una donación de bases de datos.","hileras_mazorca","NULL"
"28175c15ad99b9eff924f0ee31365287",14,"conteo","Hileras por mazorca","El registro no tiene método asociado porque fue captura de una donación de bases de datos.","hileras_mazorca","NULL"
"ca73bceae30c4ea4a3245c30cca21705",11,"conteo","Hileras por mazorca","El registro no tiene método asociado porque fue captura de una donación de bases de datos.","hileras_mazorca","NULL"
"5b1493c7be5770f0635d1ef1d1bbd5ce",12,"conteo","Hileras por mazorca","El registro no tiene método asociado porque fue captura de una donación de bases de datos.","hileras_mazorca","NULL"
"3b9a19f29c5399f08e932112776a27d6",14,"conteo","Hileras por mazorca","El registro no tiene método asociado porque fue captura de una donación de bases de datos.","hileras_mazorca","NULL"
"15bda65a0563585d3f16fd0e230b5a11",14,"conteo","Hileras por mazorca","El registro no tiene método asociado porque fue captura de una donación de bases de datos.","hileras_mazorca","NULL"
"86b5ca748e775e01e1ee9935c3727827",9,"conteo","Hileras por mazorca","El registro no tiene método asociado porque fue captura de una donación de bases de datos.","hileras_mazorca","NULL"
"398239e14d7ad514156320e8c0f7afc9",10,"conteo","Hileras por mazorca","El registro no tiene método asociado porque fue captura de una donación de bases de datos.","hileras_mazorca","NULL"
"4edbb31ce97cb7139a68c280c2913611",11,"conteo","Hileras por mazorca","El registro no tiene método asociado porque fue captura de una donación de bases de datos.","hileras_mazorca","NULL"
"660fd5f5ce09d0b76b555db524111a27",13,"conteo","Hileras por mazorca","El registro no tiene método asociado porque fue captura de una donación de bases de datos.","hileras_mazorca","NULL"
"51a3625a10bca9fcf09453d89fd23c2d",12,"conteo","Hileras por mazorca","El registro no tiene método asociado porque fue captura de una donación de bases de datos.","hileras_mazorca","NULL"
"c0618997d72f56f5c6cae4c2d8082712",10,"conteo","Hileras por mazorca","El registro no tiene método asociado porque fue captura de una donación de bases de datos.","hileras_mazorca","NULL"
"d9248e9f8c22ac6d8c0699f8324f8fbe",11,"conteo","Hileras por mazorca","El registro no tiene método asociado porque fue captura de una donación de bases de datos.","hileras_mazorca","NULL"
"462efec29400100ee172d4009f6098b8",13,"conteo","Hileras por mazorca","El registro no tiene método asociado porque fue captura de una donación de bases de datos.","hileras_mazorca","NULL"
"4da70d4fc47466de7aed952a402766a6",10,"conteo","Hileras por mazorca","El registro no tiene método asociado porque fue captura de una donación de bases de datos.","hileras_mazorca","NULL"
"9e9c19b991fce5dbf2596a58926056a5",13,"conteo","Hileras por mazorca","El registro no tiene método asociado porque fue captura de una donación de bases de datos.","hileras_mazorca","NULL"
"a9cb4577690544e9e1e40222b5f96637",11,"conteo","Hileras por mazorca","El registro no tiene método asociado porque fue captura de una donación de bases de datos.","hileras_mazorca","NULL"
"e565d549d0218874c05093260e23bf6f",14,"conteo","Hileras por mazorca","El registro no tiene método asociado porque fue captura de una donación de bases de datos.","hileras_mazorca","NULL"
"3b656aca9709bf44b23378ef883ad4d0",11,"conteo","Hileras por mazorca","El registro no tiene método asociado porque fue captura de una donación de bases de datos.","hileras_mazorca","NULL"
"17a514142c3aa1a5e0ea06079e2492e9",13,"conteo","Hileras por mazorca","El registro no tiene método asociado porque fue captura de una donación de bases de datos.","hileras_mazorca","NULL"
"a7b397345ca040424a985aba620016c9",12,"conteo","Hileras por mazorca","El registro no tiene método asociado porque fue captura de una donación de bases de datos.","hileras_mazorca","NULL"
"8ef5ad6799318704f9dd64ed885435cd",12,"conteo","Hileras por mazorca","El registro no tiene método asociado porque fue captura de una donación de bases de datos.","hileras_mazorca","NULL"
"fb97b536110def1f2332c14a9f8ffc47",10,"conteo","Hileras por mazorca","El registro no tiene método asociado porque fue captura de una donación de bases de datos.","hileras_mazorca","NULL"
"10eb1c4253b55914e3795398bbee4773",13,"conteo","Hileras por mazorca","El registro no tiene método asociado porque fue captura de una donación de bases de datos.","hileras_mazorca","NULL"
"4a27eef957b32087b6746c0a39c9f33e",12,"conteo","Hileras por mazorca","El registro no tiene método asociado porque fue captura de una donación de bases de datos.","hileras_mazorca","NULL"
"cedff1fab30a4a049366a821534e104a",12,"conteo","Hileras por mazorca","El registro no tiene método asociado porque fue captura de una donación de bases de datos.","hileras_mazorca","NULL"
"53222285e6acf341698fbe9902a1b1c6",12,"conteo","Hileras por mazorca","El registro no tiene método asociado porque fue captura de una donación de bases de datos.","hileras_mazorca","NULL"
"b57e4b884ad9f9c01c4aeae2c4c9624d",13,"conteo","Hileras por mazorca","El registro no tiene método asociado porque fue captura de una donación de bases de datos.","hileras_mazorca","NULL"
"f6c6996f99832672bcf200aec4e61868",15,"conteo","Hileras por mazorca","El registro no tiene método asociado porque fue captura de una donación de bases de datos.","hileras_mazorca","NULL"
"0c36b15c25ff1b15f2227527fd874b99",10,"conteo","Hileras por mazorca","El registro no tiene método asociado porque fue captura de una donación de bases de datos.","hileras_mazorca","NULL"
"61139f4f0516dde675046f7d827ac042",10,"conteo","Hileras por mazorca","El registro no tiene método asociado porque fue captura de una donación de bases de datos.","hileras_mazorca","NULL"
"6ff6e27017a6ecc484ff16d444516f09",10,"conteo","Hileras por mazorca","El registro no tiene método asociado porque fue captura de una donación de bases de datos.","hileras_mazorca","NULL"
"502c2b99a2269e72f5b43fb882da42c3",12,"conteo","Hileras por mazorca","El registro no tiene método asociado porque fue captura de una donación de bases de datos.","hileras_mazorca","NULL"
"66c221a55dbb7faa2b5f79ad78d4a782",12,"conteo","Hileras por mazorca","El registro no tiene método asociado porque fue captura de una donación de bases de datos.","hileras_mazorca","NULL"
"b977879055ed6d2ae79abbedc9189eaa",12,"conteo","Hileras por mazorca","El registro no tiene método asociado porque fue captura de una donación de bases de datos.","hileras_mazorca","NULL"
"6c822a7b42ec57e789850837b439a47d",14,"conteo","Hileras por mazorca","El registro no tiene método asociado porque fue captura de una donación de bases de datos.","hileras_mazorca","NULL"
"e8c2c04e67d98c83564500da000193e1",15,"conteo","Hileras por mazorca","El registro no tiene método asociado porque fue captura de una donación de bases de datos.","hileras_mazorca","NULL"
"5b3470a2fd227a0fe826b95104e114aa",12,"conteo","Hileras por mazorca","El registro no tiene método asociado porque fue captura de una donación de bases de datos.","hileras_mazorca","NULL"
"d411fc407cea6ac5f205efcf74f134d1",15,"conteo","Hileras por mazorca","El registro no tiene método asociado porque fue captura de una donación de bases de datos.","hileras_mazorca","NULL"
"7c35bc4cd44a8f5f05a8274284de9dbb",16,"conteo","Hileras por mazorca","El registro no tiene método asociado porque fue captura de una donación de bases de datos.","hileras_mazorca","NULL"
"eb33ebd56d7f9f2acc0bd385442fd95d",12,"conteo","Hileras por mazorca","El registro no tiene método asociado porque fue captura de una donación de bases de datos.","hileras_mazorca","NULL"
"4d01df4f8fd7267976f17254dcf232d1",14,"conteo","Hileras por mazorca","El registro no tiene método asociado porque fue captura de una donación de bases de datos.","hileras_mazorca","NULL"
"dcaecd710533ab62c4dee263e6bda0f0",12,"conteo","Hileras por mazorca","El registro no tiene método asociado porque fue captura de una donación de bases de datos.","hileras_mazorca","NULL"
"ff246493992c66e4772672246ee6cb31",12,"conteo","Hileras por mazorca","El registro no tiene método asociado porque fue captura de una donación de bases de datos.","hileras_mazorca","NULL"
"34e5d9e34affa25cb7fbb58761002744",13,"conteo","Hileras por mazorca","El registro no tiene método asociado porque fue captura de una donación de bases de datos.","hileras_mazorca","NULL"
"4d353a46e2432006f35b85be08ef1c56",13,"conteo","Hileras por mazorca","El registro no tiene método asociado porque fue captura de una donación de bases de datos.","hileras_mazorca","NULL"
"c840f5b7703bb842c1bf772591759604",10,"conteo","Hileras por mazorca","El registro no tiene método asociado porque fue captura de una donación de bases de datos.","hileras_mazorca","NULL"
"6e8de75f4cfe19515bca0f9554326003",10,"conteo","Hileras por mazorca","El registro no tiene método asociado porque fue captura de una donación de bases de datos.","hileras_mazorca","NULL"
"f4ffa0d695d6dd160085ebf4c50a425b",10,"conteo","Hileras por mazorca","El registro no tiene método asociado porque fue captura de una donación de bases de datos.","hileras_mazorca","NULL"
"571b502992d211db469ccc1b9710d208",10,"conteo","Hileras por mazorca","El registro no tiene método asociado porque fue captura de una donación de bases de datos.","hileras_mazorca","NULL"
"d96b58d2be83fdc8d58e28a9b4e3d61c",16,"conteo","Hileras por mazorca","El registro no tiene método asociado porque fue captura de una donación de bases de datos.","hileras_mazorca","NULL"
"93c3b399b4379978475ec1384dd4acc7",12,"conteo","Hileras por mazorca","El registro no tiene método asociado porque fue captura de una donación de bases de datos.","hileras_mazorca","NULL"
"5453f104aeab08784dadbb37018622cf",15,"conteo","Hileras por mazorca","El registro no tiene método asociado porque fue captura de una donación de bases de datos.","hileras_mazorca","NULL"
"6c908de169139a80fbf6694d10f94fa8",10,"conteo","Hileras por mazorca","El registro no tiene método asociado porque fue captura de una donación de bases de datos.","hileras_mazorca","NULL"
"68707f576f1d026dd5331bc4c5d8ca98",12,"conteo","Hileras por mazorca","El registro no tiene método asociado porque fue captura de una donación de bases de datos.","hileras_mazorca","NULL"
"37da3747b4d619f14738d38705242d47",12,"conteo","Hileras por mazorca","El registro no tiene método asociado porque fue captura de una donación de bases de datos.","hileras_mazorca","NULL"
"274d9b2411ade57868b0c4bccbe901f2",11,"conteo","Hileras por mazorca","El registro no tiene método asociado porque fue captura de una donación de bases de datos.","hileras_mazorca","NULL"
"9335bc7b6f0654cb538f19fbda2ddf7b",12,"conteo","Hileras por mazorca","El registro no tiene método asociado porque fue captura de una donación de bases de datos.","hileras_mazorca","NULL"
"20d95e93fdb134fe34a5daec74166943",14,"conteo","Hileras por mazorca","El registro no tiene método asociado porque fue captura de una donación de bases de datos.","hileras_mazorca","NULL"
"91d56a31f372d949303e04cbe685e915",11,"conteo","Hileras por mazorca","El registro no tiene método asociado porque fue captura de una donación de bases de datos.","hileras_mazorca","NULL"
"fef42800787afe51e3c484c7e0effeae",10,"conteo","Hileras por mazorca","El registro no tiene método asociado porque fue captura de una donación de bases de datos.","hileras_mazorca","NULL"
"be2dc88acf2284b68b2dc4e4cef828dd",10,"conteo","Hileras por mazorca","El registro no tiene método asociado porque fue captura de una donación de bases de datos.","hileras_mazorca","NULL"
"6177894a31e7974d529b7cef87940d05",9,"conteo","Hileras por mazorca","El registro no tiene método asociado porque fue captura de una donación de bases de datos.","hileras_mazorca","NULL"
"6a2029f88b94234ca603989eda2abd09",8,"conteo","Hileras por mazorca","El registro no tiene método asociado porque fue captura de una donación de bases de datos.","hileras_mazorca","NULL"
"dd42e197606ae917657168aa3ab2b770",8,"conteo","Hileras por mazorca","El registro no tiene método asociado porque fue captura de una donación de bases de datos.","hileras_mazorca","NULL"
"c3582415f72f90da503d1090d8142b9b",14,"conteo","Hileras por mazorca","El registro no tiene método asociado porque fue captura de una donación de bases de datos.","hileras_mazorca","NULL"
"515ffd59001dea37a3db83405269fda1",20,"conteo","Hileras por mazorca","El registro no tiene método asociado porque fue captura de una donación de bases de datos.","hileras_mazorca","NULL"
"15ab6f41658aa9d3601846aefe22ad10",16.5,"conteo","Hileras por mazorca","El registro no tiene método asociado porque fue captura de una donación de bases de datos.","hileras_mazorca","NULL"
"16a51de4a4fade2b417d228624e4ef76",16,"conteo","Hileras por mazorca","El registro no tiene método asociado porque fue captura de una donación de bases de datos.","hileras_mazorca","NULL"
"7a134b61f3c5ee78380b2e7ebb047c33",17,"conteo","Hileras por mazorca","El registro no tiene método asociado porque fue captura de una donación de bases de datos.","hileras_mazorca","NULL"
"3848006f5d9eed633c5439abd3a9604b",18,"conteo","Hileras por mazorca","El registro no tiene método asociado porque fue captura de una donación de bases de datos.","hileras_mazorca","NULL"
"e35129bfbffa75bc6c628118ef378ba1",13.5,"conteo","Hileras por mazorca","El registro no tiene método asociado porque fue captura de una donación de bases de datos.","hileras_mazorca","NULL"
"f1a70000fcb61d62e5ff541ad6c1c790",14,"conteo","Hileras por mazorca","El registro no tiene método asociado porque fue captura de una donación de bases de datos.","hileras_mazorca","NULL"
"0653956ac1f8e0a5c89c44dea9ee8f1e",15,"conteo","Hileras por mazorca","El registro no tiene método asociado porque fue captura de una donación de bases de datos.","hileras_mazorca","NULL"
"dc20e44d62a68e0eb010619a6bd990e6",13,"conteo","Hileras por mazorca","El registro no tiene método asociado porque fue captura de una donación de bases de datos.","hileras_mazorca","NULL"
"ccebad65b87111238269ff6cb574a5de",16,"conteo","Hileras por mazorca","El registro no tiene método asociado porque fue captura de una donación de bases de datos.","hileras_mazorca","NULL"
"334b27ce0dbd8aaf883609dc634d46de",14,"conteo","Hileras por mazorca","El registro no tiene método asociado porque fue captura de una donación de bases de datos.","hileras_mazorca","NULL"
"af20b657b993a320fe41f98f9b7a29e6",13.5,"conteo","Hileras por mazorca","El registro no tiene método asociado porque fue captura de una donación de bases de datos.","hileras_mazorca","NULL"
"5b07c7796329dea0af6aa2839c566b74",14.5,"conteo","Hileras por mazorca","El registro no tiene método asociado porque fue captura de una donación de bases de datos.","hileras_mazorca","NULL"
"24ae5cdc6ca087370fa82ba98af1dc1a",13.5,"conteo","Hileras por mazorca","El registro no tiene método asociado porque fue captura de una donación de bases de datos.","hileras_mazorca","NULL"
"0d102fe6e63dab896b561f26be51bad9",12.5,"conteo","Hileras por mazorca","El registro no tiene método asociado porque fue captura de una donación de bases de datos.","hileras_mazorca","NULL"
"7ef85fc956971ee6f80758717fc9555e",17,"conteo","Hileras por mazorca","El registro no tiene método asociado porque fue captura de una donación de bases de datos.","hileras_mazorca","NULL"
"249e3879e031fba8ae02c754f46134ca",16,"conteo","Hileras por mazorca","El registro no tiene método asociado porque fue captura de una donación de bases de datos.","hileras_mazorca","NULL"
"d9df950cce2373459822b12bf3bf2428",17,"conteo","Hileras por mazorca","El registro no tiene método asociado porque fue captura de una donación de bases de datos.","hileras_mazorca","NULL"
"e5f7bf2a00810a4774ad689884aae013",8,"conteo","Hileras por mazorca","El registro no tiene método asociado porque fue captura de una donación de bases de datos.","hileras_mazorca","NULL"
"628373bd77f818d94812465577e1518a",13.5,"conteo","Hileras por mazorca","El registro no tiene método asociado porque fue captura de una donación de bases de datos.","hileras_mazorca","NULL"
"bfffc48602a12fdea7c3a108ea8874a3",12,"conteo","Hileras por mazorca","El registro no tiene método asociado porque fue captura de una donación de bases de datos.","hileras_mazorca","NULL"
"32d828ea064461b72b67dbf529aaf49d",8.5,"conteo","Hileras por mazorca","El registro no tiene método asociado porque fue captura de una donación de bases de datos.","hileras_mazorca","NULL"
"3136ba6a02bcb26080affaa08dd4b314",13.5,"conteo","Hileras por mazorca","El registro no tiene método asociado porque fue captura de una donación de bases de datos.","hileras_mazorca","NULL"
"acbc6afd42e5d0db2b9378382c08a6ab",12,"conteo","Hileras por mazorca","El registro no tiene método asociado porque fue captura de una donación de bases de datos.","hileras_mazorca","NULL"
"b5f8421617b6c8a9913dca833d2287b8",14,"conteo","Hileras por mazorca","El registro no tiene método asociado porque fue captura de una donación de bases de datos.","hileras_mazorca","NULL"
"4eb982f74d8ce7029da176d88642cdad",13,"conteo","Hileras por mazorca","El registro no tiene método asociado porque fue captura de una donación de bases de datos.","hileras_mazorca","NULL"
"e9bebfdf1a7546282274f5a423ba05e6",12,"conteo","Hileras por mazorca","El registro no tiene método asociado porque fue captura de una donación de bases de datos.","hileras_mazorca","NULL"
"8516411de132b79f7e3e4d1000425efb",13,"conteo","Hileras por mazorca","El registro no tiene método asociado porque fue captura de una donación de bases de datos.","hileras_mazorca","NULL"
"511b8668475b9c582d28c8ad4205b019",14,"conteo","Hileras por mazorca","El registro no tiene método asociado porque fue captura de una donación de bases de datos.","hileras_mazorca","NULL"
"539b58bd46fe4b2b693733b813ac3dc2",13,"conteo","Hileras por mazorca","El registro no tiene método asociado porque fue captura de una donación de bases de datos.","hileras_mazorca","NULL"
"ddd9d4c8ce8f918c27872034ab55a2e7",12,"conteo","Hileras por mazorca","El registro no tiene método asociado porque fue captura de una donación de bases de datos.","hileras_mazorca","NULL"
"936f97864f1501096c217f2026de9031",11,"conteo","Hileras por mazorca","El registro no tiene método asociado porque fue captura de una donación de bases de datos.","hileras_mazorca","NULL"
"6fc17e19e960825810533e64db146971",12,"conteo","Hileras por mazorca","El registro no tiene método asociado porque fue captura de una donación de bases de datos.","hileras_mazorca","NULL"
"f9a53e2ee3505820aae1bcffb32c347d",11,"conteo","Hileras por mazorca","El registro no tiene método asociado porque fue captura de una donación de bases de datos.","hileras_mazorca","NULL"
"3d2884ce9ffd01570628c6a07fef640f",10.5,"conteo","Hileras por mazorca","El registro no tiene método asociado porque fue captura de una donación de bases de datos.","hileras_mazorca","NULL"
"a9db750ef1885dbadae876e1c77c6657",13,"conteo","Hileras por mazorca","El registro no tiene método asociado porque fue captura de una donación de bases de datos.","hileras_mazorca","NULL"
"14d687360ce9fd9818414fd764812aea",13,"conteo","Hileras por mazorca","El registro no tiene método asociado porque fue captura de una donación de bases de datos.","hileras_mazorca","NULL"
"d9b4aaa9cd61e082a6993f11cb29777b",13,"conteo","Hileras por mazorca","El registro no tiene método asociado porque fue captura de una donación de bases de datos.","hileras_mazorca","NULL"
"cb6b1936158cdc3d5222adaba1251b6a",15,"conteo","Hileras por mazorca","El registro no tiene método asociado porque fue captura de una donación de bases de datos.","hileras_mazorca","NULL"
"e78427ad8ab004e41b8b6ea7d4fb91aa",12.5,"conteo","Hileras por mazorca","El registro no tiene método asociado porque fue captura de una donación de bases de datos.","hileras_mazorca","NULL"
"d035d10f475c8efaeecd6863bf87c333",14,"conteo","Hileras por mazorca","El registro no tiene método asociado porque fue captura de una donación de bases de datos.","hileras_mazorca","NULL"
"a8f0a1efc939f7ecc297a49accfc5c06",18,"conteo","Hileras por mazorca","El registro no tiene método asociado porque fue captura de una donación de bases de datos.","hileras_mazorca","NULL"
"507ad5f2bbb460420c33f627444e4f56",15,"conteo","Hileras por mazorca","El registro no tiene método asociado porque fue captura de una donación de bases de datos.","hileras_mazorca","NULL"
"6bb733e311633285ff698268ed815188",14,"conteo","Hileras por mazorca","El registro no tiene método asociado porque fue captura de una donación de bases de datos.","hileras_mazorca","NULL"
"4439b90579cc555b137812652d33ee6d",15.5,"conteo","Hileras por mazorca","El registro no tiene método asociado porque fue captura de una donación de bases de datos.","hileras_mazorca","NULL"
"57b240d5ab0fd415533c2fd49b4234ac",15.5,"conteo","Hileras por mazorca","El registro no tiene método asociado porque fue captura de una donación de bases de datos.","hileras_mazorca","NULL"
"5de162bb6ce60b2ce34f9c635fcf36d2",14,"conteo","Hileras por mazorca","El registro no tiene método asociado porque fue captura de una donación de bases de datos.","hileras_mazorca","NULL"
"b89af59e09730378d1a5a4167b102c77",19,"conteo","Hileras por mazorca","El registro no tiene método asociado porque fue captura de una donación de bases de datos.","hileras_mazorca","NULL"
"4bc61f41f49fa61a96d7ee28d0fc5655",13,"conteo","Hileras por mazorca","El registro no tiene método asociado porque fue captura de una donación de bases de datos.","hileras_mazorca","NULL"
"5014233851c8eeebdcba37f4428ea3c8",13.5,"conteo","Hileras por mazorca","El registro no tiene método asociado porque fue captura de una donación de bases de datos.","hileras_mazorca","NULL"
"1e0fdd5c1dde4cc016865d05240badfe",14,"conteo","Hileras por mazorca","El registro no tiene método asociado porque fue captura de una donación de bases de datos.","hileras_mazorca","NULL"
"80fa588f51a2a174ed6afb3a32631e03",14.5,"conteo","Hileras por mazorca","El registro no tiene método asociado porque fue captura de una donación de bases de datos.","hileras_mazorca","NULL"
"219252f1d957721bb5ed85797e1119eb",14.5,"conteo","Hileras por mazorca","El registro no tiene método asociado porque fue captura de una donación de bases de datos.","hileras_mazorca","NULL"
"d1d4186292dd9b1ab56dfddf1902aab6",13.5,"conteo","Hileras por mazorca","El registro no tiene método asociado porque fue captura de una donación de bases de datos.","hileras_mazorca","NULL"
"0c50f37a0ba977eebe6309cef06c834d",14.5,"conteo","Hileras por mazorca","El registro no tiene método asociado porque fue captura de una donación de bases de datos.","hileras_mazorca","NULL"
"e6f80b9bf679d06eda96886192a4d466",41,"conteo","Hileras por mazorca","El registro no tiene método asociado porque fue captura de una donación de bases de datos.","hileras_mazorca","NULL"
"1265171a8e08e6d8c4a284943f7cc35e",15,"conteo","Hileras por mazorca","El registro no tiene método asociado porque fue captura de una donación de bases de datos.","hileras_mazorca","NULL"
"78f8c8741e87530bcb37f847aad602ba",17.5,"conteo","Hileras por mazorca","El registro no tiene método asociado porque fue captura de una donación de bases de datos.","hileras_mazorca","NULL"
"06eab85fbc3ffa421bf354daf17b8638",15.5,"conteo","Hileras por mazorca","El registro no tiene método asociado porque fue captura de una donación de bases de datos.","hileras_mazorca","NULL"
"4fa5fc3806b3a6f62fb7bfa868558d17",15,"conteo","Hileras por mazorca","El registro no tiene método asociado porque fue captura de una donación de bases de datos.","hileras_mazorca","NULL"
"ec89f58072c8a9b2ddbccc68eccbf6a6",15.5,"conteo","Hileras por mazorca","El registro no tiene método asociado porque fue captura de una donación de bases de datos.","hileras_mazorca","NULL"
"231de533f585ba3f20ded91d79ab2957",8,"conteo","Hileras por mazorca","El registro no tiene método asociado porque fue captura de una donación de bases de datos.","hileras_mazorca","NULL"
"7587a457e7be24d88be07cac2cd2072a",13,"conteo","Hileras por mazorca","El registro no tiene método asociado porque fue captura de una donación de bases de datos.","hileras_mazorca","NULL"
"e5ef879bfc2078580d6b68eefbaacc85",15.5,"conteo","Hileras por mazorca","El registro no tiene método asociado porque fue captura de una donación de bases de datos.","hileras_mazorca","NULL"
"db44d1dd6276b194326da9d264ed6fd2",15,"conteo","Hileras por mazorca","El registro no tiene método asociado porque fue captura de una donación de bases de datos.","hileras_mazorca","NULL"
"da843a9994ff653af93fe76513008e13",15,"conteo","Hileras por mazorca","El registro no tiene método asociado porque fue captura de una donación de bases de datos.","hileras_mazorca","NULL"
"83ef22cf7f511227bb55d7c320d48e33",10,"conteo","Hileras por mazorca","El registro no tiene método asociado porque fue captura de una donación de bases de datos.","hileras_mazorca","NULL"
"f9a947d7c5b6e11f6a931df4a5e689b1",12,"conteo","Hileras por mazorca","El registro no tiene método asociado porque fue captura de una donación de bases de datos.","hileras_mazorca","NULL"
"76a8828d965bd5347bc12f93b56021f7",12,"conteo","Hileras por mazorca","El registro no tiene método asociado porque fue captura de una donación de bases de datos.","hileras_mazorca","NULL"
"74cf3436cf710c7c46dd240fe358ee36",10,"conteo","Hileras por mazorca","El registro no tiene método asociado porque fue captura de una donación de bases de datos.","hileras_mazorca","NULL"
"59426082ac4a91e3e1e85d694b8de2f6",12,"conteo","Hileras por mazorca","El registro no tiene método asociado porque fue captura de una donación de bases de datos.","hileras_mazorca","NULL"
"d3512d03bb51fd831a032858379d3526",12,"conteo","Hileras por mazorca","El registro no tiene método asociado porque fue captura de una donación de bases de datos.","hileras_mazorca","NULL"
"7cf3e68f55eb0abb9fea67b85b5fe32c",14,"conteo","Hileras por mazorca","El registro no tiene método asociado porque fue captura de una donación de bases de datos.","hileras_mazorca","NULL"
"246380823f0767e08a25e6cd7f6b1c44",13,"conteo","Hileras por mazorca","El registro no tiene método asociado porque fue captura de una donación de bases de datos.","hileras_mazorca","NULL"
"7585d19bb0aa4df79300c190e3eeeb90",12,"conteo","Hileras por mazorca","El registro no tiene método asociado porque fue captura de una donación de bases de datos.","hileras_mazorca","NULL"
"cd9eb4c9847cd5c8824824511adca25e",12,"conteo","Hileras por mazorca","El registro no tiene método asociado porque fue captura de una donación de bases de datos.","hileras_mazorca","NULL"
"e779eff17bd8fd46c55c15e23a6387dd",12,"conteo","Hileras por mazorca","El registro no tiene método asociado porque fue captura de una donación de bases de datos.","hileras_mazorca","NULL"
"b6bc528586c6e9f59b0c0733286fe81e",9,"conteo","Hileras por mazorca","El registro no tiene método asociado porque fue captura de una donación de bases de datos.","hileras_mazorca","NULL"
"5ce086f10febbb4e3b16a22cbf3a846b",11,"conteo","Hileras por mazorca","El registro no tiene método asociado porque fue captura de una donación de bases de datos.","hileras_mazorca","NULL"
"c1915d2e5642da56d857eefc66fd3243",11,"conteo","Hileras por mazorca","El registro no tiene método asociado porque fue captura de una donación de bases de datos.","hileras_mazorca","NULL"
"4406dcc7f1e0df0e542846c63cd17369",9,"conteo","Hileras por mazorca","El registro no tiene método asociado porque fue captura de una donación de bases de datos.","hileras_mazorca","NULL"
"8deec3c7f7321b613353ebd2fc4b6615",9,"conteo","Hileras por mazorca","El registro no tiene método asociado porque fue captura de una donación de bases de datos.","hileras_mazorca","NULL"
"35ce97e7df53cfc41606881547146a16",15,"conteo","Hileras por mazorca","El registro no tiene método asociado porque fue captura de una donación de bases de datos.","hileras_mazorca","NULL"
"9ec043b7e4da9ef89ea1736e0c35bb81",13,"conteo","Hileras por mazorca","El registro no tiene método asociado porque fue captura de una donación de bases de datos.","hileras_mazorca","NULL"
"ddd09ef928e4c43b324abe62c5bdb494",15,"conteo","Hileras por mazorca","El registro no tiene método asociado porque fue captura de una donación de bases de datos.","hileras_mazorca","NULL"
"0c5356e4ff4afa279368025f08a5f373",14,"conteo","Hileras por mazorca","El registro no tiene método asociado porque fue captura de una donación de bases de datos.","hileras_mazorca","NULL"
"e5c8952b4f9961cd94c929c6c81f557c",14,"conteo","Hileras por mazorca","El registro no tiene método asociado porque fue captura de una donación de bases de datos.","hileras_mazorca","NULL"
"6aef739f51a32567929f7d0c9082a4b7",11,"conteo","Hileras por mazorca","El registro no tiene método asociado porque fue captura de una donación de bases de datos.","hileras_mazorca","NULL"
"18fc41523b830efb4589d0c64b81d8bb",12,"conteo","Hileras por mazorca","El registro no tiene método asociado porque fue captura de una donación de bases de datos.","hileras_mazorca","NULL"
"93483f024ed47fa58687ac37fff92e3a",11,"conteo","Hileras por mazorca","El registro no tiene método asociado porque fue captura de una donación de bases de datos.","hileras_mazorca","NULL"
"d2ade815e29c72ef3578e61d4e84026a",13,"conteo","Hileras por mazorca","El registro no tiene método asociado porque fue captura de una donación de bases de datos.","hileras_mazorca","NULL"
"88dced68ebe3b5ea168c0fc273b9ae5c",14,"conteo","Hileras por mazorca","El registro no tiene método asociado porque fue captura de una donación de bases de datos.","hileras_mazorca","NULL"
"1bd64ab18c379c5f51cf3f9b2ad06cc2",13,"conteo","Hileras por mazorca","El registro no tiene método asociado porque fue captura de una donación de bases de datos.","hileras_mazorca","NULL"
"b95e6c313f8da5c11a06f272ec236587",10,"conteo","Hileras por mazorca","El registro no tiene método asociado porque fue captura de una donación de bases de datos.","hileras_mazorca","NULL"
"0e1c4ed602c0e3da6ae0d17540e2a43b",12,"conteo","Hileras por mazorca","El registro no tiene método asociado porque fue captura de una donación de bases de datos.","hileras_mazorca","NULL"
"55d6229a8a350711fe502e8f66ddb06c",13,"conteo","Hileras por mazorca","El registro no tiene método asociado porque fue captura de una donación de bases de datos.","hileras_mazorca","NULL"
"f1fc0cb1923ef41f850fd6e6e784dee6",11,"conteo","Hileras por mazorca","El registro no tiene método asociado porque fue captura de una donación de bases de datos.","hileras_mazorca","NULL"
"801ad4fcb6eca8c6535cba439bffa14a",10,"conteo","Hileras por mazorca","El registro no tiene método asociado porque fue captura de una donación de bases de datos.","hileras_mazorca","NULL"
"799a3b12a81ea2db59135c7f7029e3fa",12,"conteo","Hileras por mazorca","El registro no tiene método asociado porque fue captura de una donación de bases de datos.","hileras_mazorca","NULL"
"bbf37a170b979fdc1b1713b72dbfd9bb",12,"conteo","Hileras por mazorca","El registro no tiene método asociado porque fue captura de una donación de bases de datos.","hileras_mazorca","NULL"
"a690bce873492e99305358df61a0cb2f",10,"conteo","Hileras por mazorca","El registro no tiene método asociado porque fue captura de una donación de bases de datos.","hileras_mazorca","NULL"
"c9750684dd8ccb6d3a17571ee72e6bb3",12,"conteo","Hileras por mazorca","El registro no tiene método asociado porque fue captura de una donación de bases de datos.","hileras_mazorca","NULL"
"aaf915c487f544bc564af12925fba884",10,"conteo","Hileras por mazorca","El registro no tiene método asociado porque fue captura de una donación de bases de datos.","hileras_mazorca","NULL"
"f7df5024fe0d2e191bcd9553d57ceeb2",11,"conteo","Hileras por mazorca","El registro no tiene método asociado porque fue captura de una donación de bases de datos.","hileras_mazorca","NULL"
"01fbb419e8ed256fd683ddbd62e02aa4",11,"conteo","Hileras por mazorca","El registro no tiene método asociado porque fue captura de una donación de bases de datos.","hileras_mazorca","NULL"
"154cf4b500acde9c1878dcce0e460a17",12,"conteo","Hileras por mazorca","El registro no tiene método asociado porque fue captura de una donación de bases de datos.","hileras_mazorca","NULL"
"a53b8221661fd518b61120192a54d282",12,"conteo","Hileras por mazorca","El registro no tiene método asociado porque fue captura de una donación de bases de datos.","hileras_mazorca","NULL"
"0cb2964b2e76105fe0ace7a1e6ff91d7",12,"conteo","Hileras por mazorca","El registro no tiene método asociado porque fue captura de una donación de bases de datos.","hileras_mazorca","NULL"
"6ff9d59b69a4b35b498e212ac32f542d",12,"conteo","Hileras por mazorca","El registro no tiene método asociado porque fue captura de una donación de bases de datos.","hileras_mazorca","NULL"
"33593b5d9a81c1629fff6a825f45268f",15,"conteo","Hileras por mazorca","El registro no tiene método asociado porque fue captura de una donación de bases de datos.","hileras_mazorca","NULL"
"d10258cc003048069e2e1f213117ca92",12,"conteo","Hileras por mazorca","El registro no tiene método asociado porque fue captura de una donación de bases de datos.","hileras_mazorca","NULL"
"2bd66a52a77a0e5046fd6b85a75e66d5",14,"conteo","Hileras por mazorca","El registro no tiene método asociado porque fue captura de una donación de bases de datos.","hileras_mazorca","NULL"
"f7b193d9e2b5f65f7a0f75434b09c361",17,"conteo","Hileras por mazorca","El registro no tiene método asociado porque fue captura de una donación de bases de datos.","hileras_mazorca","NULL"
"fe97c9ae9a9ed5b38555acebe152ca30",17,"conteo","Hileras por mazorca","El registro no tiene método asociado porque fue captura de una donación de bases de datos.","hileras_mazorca","NULL"
"02a3cbe09ee8623fe8b9d90c151d3aea",8,"conteo","Hileras por mazorca","El registro no tiene método asociado porque fue captura de una donación de bases de datos.","hileras_mazorca","NULL"
"abe654e1585a8f8156bd1c9a3b6b7887",20,"conteo","Hileras por mazorca","El registro no tiene método asociado porque fue captura de una donación de bases de datos.","hileras_mazorca","NULL"
"cb9a10a7dffd18cc3424c3ccb633b47a",15,"conteo","Hileras por mazorca","El registro no tiene método asociado porque fue captura de una donación de bases de datos.","hileras_mazorca","NULL"
"3bfccd6d80245dd260f39fa4b40e623f",27.5,"conteo","Hileras por mazorca","El registro no tiene método asociado porque fue captura de una donación de bases de datos.","hileras_mazorca","NULL"
"ecb883aa7902a2e723975d0cbd2c548d",25,"conteo","Hileras por mazorca","El registro no tiene método asociado porque fue captura de una donación de bases de datos.","hileras_mazorca","NULL"
"f6647a2b70488afbe8a577a58e42e179",18.5,"conteo","Hileras por mazorca","El registro no tiene método asociado porque fue captura de una donación de bases de datos.","hileras_mazorca","NULL"
"ba243b14ab15b906cecf44d50945ddf8",13.5,"conteo","Hileras por mazorca","El registro no tiene método asociado porque fue captura de una donación de bases de datos.","hileras_mazorca","NULL"
"efb7f44d9190e4b98a7fdcae3f9c0fa1",16.5,"conteo","Hileras por mazorca","El registro no tiene método asociado porque fue captura de una donación de bases de datos.","hileras_mazorca","NULL"
"a6492c4fbbceddc55bcefd89376d0389",12,"conteo","Hileras por mazorca","El registro no tiene método asociado porque fue captura de una donación de bases de datos.","hileras_mazorca","NULL"
"b077f6703a0f379f7ab20fe7dccaeda0",12,"conteo","Hileras por mazorca","El registro no tiene método asociado porque fue captura de una donación de bases de datos.","hileras_mazorca","NULL"
"dbc48a6cf1ef7bdfa01e4245f7228727",18,"conteo","Hileras por mazorca","El registro no tiene método asociado porque fue captura de una donación de bases de datos.","hileras_mazorca","NULL"
"955c7879e56a6679816194c592f2da01",16,"conteo","Hileras por mazorca","El registro no tiene método asociado porque fue captura de una donación de bases de datos.","hileras_mazorca","NULL"
"7a1ba6afeca47bc785dee8a6a30f7645",12,"conteo","Hileras por mazorca","El registro no tiene método asociado porque fue captura de una donación de bases de datos.","hileras_mazorca","NULL"
"997d81648ded7e03da8eae5a2aaa5eb2",9,"conteo","Hileras por mazorca","El registro no tiene método asociado porque fue captura de una donación de bases de datos.","hileras_mazorca","NULL"
"3ae60bd57c107e9f4c80a3daedfee325",15,"conteo","Hileras por mazorca","El registro no tiene método asociado porque fue captura de una donación de bases de datos.","hileras_mazorca","NULL"
"c965067faea9d08dc0a6d74a659174cd",15,"conteo","Hileras por mazorca","El registro no tiene método asociado porque fue captura de una donación de bases de datos.","hileras_mazorca","NULL"
"949ddbf4eddcb6b1f41a213e0ff45c28",15,"conteo","Hileras por mazorca","El registro no tiene método asociado porque fue captura de una donación de bases de datos.","hileras_mazorca","NULL"
"cf69b39d8e450d754d3b43ef4196929f",15.5,"conteo","Hileras por mazorca","El registro no tiene método asociado porque fue captura de una donación de bases de datos.","hileras_mazorca","NULL"
"df038e24ce806fe745119962f8bce16b",14,"conteo","Hileras por mazorca","El registro no tiene método asociado porque fue captura de una donación de bases de datos.","hileras_mazorca","NULL"
"f11fc322c9bac6dd9db892a5fe462db0",13,"conteo","Hileras por mazorca","El registro no tiene método asociado porque fue captura de una donación de bases de datos.","hileras_mazorca","NULL"
"de96aa74153d7964feed48819649bb97",14,"conteo","Hileras por mazorca","El registro no tiene método asociado porque fue captura de una donación de bases de datos.","hileras_mazorca","NULL"
"4ebf36d07ef78710ff7b81046f4652a9",14,"conteo","Hileras por mazorca","El registro no tiene método asociado porque fue captura de una donación de bases de datos.","hileras_mazorca","NULL"
"2c23548ff704c438d3faf5c30db0a22d",14,"conteo","Hileras por mazorca","El registro no tiene método asociado porque fue captura de una donación de bases de datos.","hileras_mazorca","NULL"
"227c0cde90f64a18b87639bbe7b56ff8",14,"conteo","Hileras por mazorca","El registro no tiene método asociado porque fue captura de una donación de bases de datos.","hileras_mazorca","NULL"
"fa48bb7ba82620d52eae4ab20b24095b",10,"conteo","Hileras por mazorca","El registro no tiene método asociado porque fue captura de una donación de bases de datos.","hileras_mazorca","NULL"
"e6d4ec43a7d3a533aa95907a84dbbc51",15,"conteo","Hileras por mazorca","El registro no tiene método asociado porque fue captura de una donación de bases de datos.","hileras_mazorca","NULL"
"304379c8a68a81971b88afb60717d09f",12,"conteo","Hileras por mazorca","El registro no tiene método asociado porque fue captura de una donación de bases de datos.","hileras_mazorca","NULL"
"0323cb1f1c1863028cc030657566505d",11,"conteo","Hileras por mazorca","El registro no tiene método asociado porque fue captura de una donación de bases de datos.","hileras_mazorca","NULL"
"be31f12e554bfead903a63cda499d153",15,"conteo","Hileras por mazorca","El registro no tiene método asociado porque fue captura de una donación de bases de datos.","hileras_mazorca","NULL"
"44e0ce1c1486d6cfeec25d8bb71c196c",11,"conteo","Hileras por mazorca","El registro no tiene método asociado porque fue captura de una donación de bases de datos.","hileras_mazorca","NULL"
"0007b1d81ba7a30d1520414fc7ed6ac9",13,"conteo","Hileras por mazorca","El registro no tiene método asociado porque fue captura de una donación de bases de datos.","hileras_mazorca","NULL"
"b53b20cf48f10a97faa75eada476af75",12,"conteo","Hileras por mazorca","El registro no tiene método asociado porque fue captura de una donación de bases de datos.","hileras_mazorca","NULL"
"0a547fdb806bb3ac5a11f98eef66981f",12,"conteo","Hileras por mazorca","El registro no tiene método asociado porque fue captura de una donación de bases de datos.","hileras_mazorca","NULL"
"a21ec9a155c4a848eb736fa98b92fa44",11,"conteo","Hileras por mazorca","El registro no tiene método asociado porque fue captura de una donación de bases de datos.","hileras_mazorca","NULL"
"9c6d0fbf9e99b3483f61a6c58af78117",11,"conteo","Hileras por mazorca","El registro no tiene método asociado porque fue captura de una donación de bases de datos.","hileras_mazorca","NULL"
"ad0a621b63243f5464dff73bcd1684ff",15,"conteo","Hileras por mazorca","El registro no tiene método asociado porque fue captura de una donación de bases de datos.","hileras_mazorca","NULL"
"9ef498d68004167842d0dd30834dd782",12,"conteo","Hileras por mazorca","El registro no tiene método asociado porque fue captura de una donación de bases de datos.","hileras_mazorca","NULL"
"923ddcebf60f30ee156c7755127bf8d5",13,"conteo","Hileras por mazorca","El registro no tiene método asociado porque fue captura de una donación de bases de datos.","hileras_mazorca","NULL"
"867361f24841e242258a58b72c9f6058",12,"conteo","Hileras por mazorca","El registro no tiene método asociado porque fue captura de una donación de bases de datos.","hileras_mazorca","NULL"
"26dd34e2f432c19eefa75c3010c420ec",10,"conteo","Hileras por mazorca","El registro no tiene método asociado porque fue captura de una donación de bases de datos.","hileras_mazorca","NULL"
"6a74ecbb4cf4f47f8b09846144242e4a",18,"conteo","Hileras por mazorca","El registro no tiene método asociado porque fue captura de una donación de bases de datos.","hileras_mazorca","NULL"
"b91411dfdb263319c7adcd166fcfdaa5",18,"conteo","Hileras por mazorca","El registro no tiene método asociado porque fue captura de una donación de bases de datos.","hileras_mazorca","NULL"
"92a961751b37696bed6b948321b44c44",28,"conteo","Hileras por mazorca","El registro no tiene método asociado porque fue captura de una donación de bases de datos.","hileras_mazorca","NULL"
"5c25b64e3097fe1278502bbe1c836a27",12,"conteo","Hileras por mazorca","El registro no tiene método asociado porque fue captura de una donación de bases de datos.","hileras_mazorca","NULL"
"334fe0c48f5da2ae65e378bec6111b0b",24,"conteo","Hileras por mazorca","El registro no tiene método asociado porque fue captura de una donación de bases de datos.","hileras_mazorca","NULL"
"b0bdf08f3e160fb3a80b566829ac53d2",14,"conteo","Hileras por mazorca","El registro no tiene método asociado porque fue captura de una donación de bases de datos.","hileras_mazorca","NULL"
"14da6dc037ee1a10a493694215b78439",8.5,"conteo","Hileras por mazorca","El registro no tiene método asociado porque fue captura de una donación de bases de datos.","hileras_mazorca","NULL"
"af33228f69205394b8b9bd3bf8ede11f",18,"conteo","Hileras por mazorca","El registro no tiene método asociado porque fue captura de una donación de bases de datos.","hileras_mazorca","NULL"
"ffc254f251667bf64bf0a0e61433dc6b",13.5,"conteo","Hileras por mazorca","El registro no tiene método asociado porque fue captura de una donación de bases de datos.","hileras_mazorca","NULL"
"c1fa97e4dea248638ae4f5f22d9461f4",14,"conteo","Hileras por mazorca","El registro no tiene método asociado porque fue captura de una donación de bases de datos.","hileras_mazorca","NULL"
"1db33a75e930ed1a51a7763f682f0b9a",15.5,"conteo","Hileras por mazorca","El registro no tiene método asociado porque fue captura de una donación de bases de datos.","hileras_mazorca","NULL"
"ac032d2b4a3d112dfe7bfe5dfd4c5e39",8,"conteo","Hileras por mazorca","El registro no tiene método asociado porque fue captura de una donación de bases de datos.","hileras_mazorca","NULL"
"92dbd7e1ace2ab971dbee9696841694a",15.5,"conteo","Hileras por mazorca","El registro no tiene método asociado porque fue captura de una donación de bases de datos.","hileras_mazorca","NULL"
"7c0070a94dae195706f28544e2b0ce3b",15,"conteo","Hileras por mazorca","El registro no tiene método asociado porque fue captura de una donación de bases de datos.","hileras_mazorca","NULL"
"41e1150c0cf8e144f7654b820a500942",15,"conteo","Hileras por mazorca","El registro no tiene método asociado porque fue captura de una donación de bases de datos.","hileras_mazorca","NULL"
"152be1fde02e6e85b88b261842c4bccc",17.5,"conteo","Hileras por mazorca","El registro no tiene método asociado porque fue captura de una donación de bases de datos.","hileras_mazorca","NULL"
"0401cddf265bf5faa18a78d905e317dc",15,"conteo","Hileras por mazorca","El registro no tiene método asociado porque fue captura de una donación de bases de datos.","hileras_mazorca","NULL"
"a06cef220f1d7e53225d853d4320100b",14,"conteo","Hileras por mazorca","El registro no tiene método asociado porque fue captura de una donación de bases de datos.","hileras_mazorca","NULL"
"6553afb22a0876919721f4a59e8a8472",8.5,"conteo","Hileras por mazorca","El registro no tiene método asociado porque fue captura de una donación de bases de datos.","hileras_mazorca","NULL"
"922c52b865787cdc7330246b07a4d823",8.5,"conteo","Hileras por mazorca","El registro no tiene método asociado porque fue captura de una donación de bases de datos.","hileras_mazorca","NULL"
"351a4da2b2b4dc9cf6351605600e8d0e",8,"conteo","Hileras por mazorca","El registro no tiene método asociado porque fue captura de una donación de bases de datos.","hileras_mazorca","NULL"
"e1269924b24d0cbf9a041e6aa369c2f8",11,"conteo","Hileras por mazorca","El registro no tiene método asociado porque fue captura de una donación de bases de datos.","hileras_mazorca","NULL"
"12bf83597f92222633e26e04ae258575",9,"conteo","Hileras por mazorca","El registro no tiene método asociado porque fue captura de una donación de bases de datos.","hileras_mazorca","NULL"
"16c4d759ed345c18c5a27c8f8f6874cc",8,"conteo","Hileras por mazorca","El registro no tiene método asociado porque fue captura de una donación de bases de datos.","hileras_mazorca","NULL"
"59cd6c69bdc6c9ebd309ea4ea2f18343",12.5,"conteo","Hileras por mazorca","El registro no tiene método asociado porque fue captura de una donación de bases de datos.","hileras_mazorca","NULL"
"2e9112bfc3d7113e84c2850c75db87c0",10.6,"conteo","Hileras por mazorca","El registro no tiene método asociado porque fue captura de una donación de bases de datos.","hileras_mazorca","NULL"
"03816d10ae1705843c077d9e6e97b7a5",15,"conteo","Hileras por mazorca","El registro no tiene método asociado porque fue captura de una donación de bases de datos.","hileras_mazorca","NULL"
"5219a7dc5b6910a6d3034f90b96cbfeb",13,"conteo","Hileras por mazorca","El registro no tiene método asociado porque fue captura de una donación de bases de datos.","hileras_mazorca","NULL"
"dfd19c3f0ca68f64b89ed8ef9f2a3f1f",15,"conteo","Hileras por mazorca","El registro no tiene método asociado porque fue captura de una donación de bases de datos.","hileras_mazorca","NULL"
"86d819f70ba5e883debf42b683af7153",17.5,"conteo","Hileras por mazorca","El registro no tiene método asociado porque fue captura de una donación de bases de datos.","hileras_mazorca","NULL"
"c6234122f966bdf8a81041c4b84d32a3",17,"conteo","Hileras por mazorca","El registro no tiene método asociado porque fue captura de una donación de bases de datos.","hileras_mazorca","NULL"
"0d7db9eed67272ee09dac4de1b164b40",17.5,"conteo","Hileras por mazorca","El registro no tiene método asociado porque fue captura de una donación de bases de datos.","hileras_mazorca","NULL"
"56dbdd613c6a0a3144a5ef9067fb8e16",22,"conteo","Hileras por mazorca","El registro no tiene método asociado porque fue captura de una donación de bases de datos.","hileras_mazorca","NULL"
"88c8a474f2ea898bf5fa3937bc486c99",18.5,"conteo","Hileras por mazorca","El registro no tiene método asociado porque fue captura de una donación de bases de datos.","hileras_mazorca","NULL"
"3998351f8825ae700fc89de9b257314b",13.5,"conteo","Hileras por mazorca","El registro no tiene método asociado porque fue captura de una donación de bases de datos.","hileras_mazorca","NULL"
"0fde7eff2948f6a1bf19369c08619186",15.5,"conteo","Hileras por mazorca","El registro no tiene método asociado porque fue captura de una donación de bases de datos.","hileras_mazorca","NULL"
"0bfc78affb2ee947b1a5665188ace884",13,"conteo","Hileras por mazorca","El registro no tiene método asociado porque fue captura de una donación de bases de datos.","hileras_mazorca","NULL"
"50428fe0c3f4484e3924c3b2b501d927",14.5,"conteo","Hileras por mazorca","El registro no tiene método asociado porque fue captura de una donación de bases de datos.","hileras_mazorca","NULL"
"b7d3339495ebfab8d0f38e88e1cf4978",16.5,"conteo","Hileras por mazorca","El registro no tiene método asociado porque fue captura de una donación de bases de datos.","hileras_mazorca","NULL"
"6dfb32b3dedce9eadad0d2700258cdd4",16.5,"conteo","Hileras por mazorca","El registro no tiene método asociado porque fue captura de una donación de bases de datos.","hileras_mazorca","NULL"
"1b238379149aa1f61eec85638c9eb30f",16.5,"conteo","Hileras por mazorca","El registro no tiene método asociado porque fue captura de una donación de bases de datos.","hileras_mazorca","NULL"
"f452023f552cefcd1b6c816cf3d492af",11,"conteo","Hileras por mazorca","El registro no tiene método asociado porque fue captura de una donación de bases de datos.","hileras_mazorca","NULL"
"7739925f6387195f1ecfb753345da13b",12,"conteo","Hileras por mazorca","El registro no tiene método asociado porque fue captura de una donación de bases de datos.","hileras_mazorca","NULL"
"59ee76fb395919eb986625b8d3afdf70",14,"conteo","Hileras por mazorca","El registro no tiene método asociado porque fue captura de una donación de bases de datos.","hileras_mazorca","NULL"
"fe848bdedafe1859ce5531c89d878f2a",13,"conteo","Hileras por mazorca","El registro no tiene método asociado porque fue captura de una donación de bases de datos.","hileras_mazorca","NULL"
"830718d1ca40d5caa939d496ef0ee62f",12,"conteo","Hileras por mazorca","El registro no tiene método asociado porque fue captura de una donación de bases de datos.","hileras_mazorca","NULL"
"494e0edc3a7905735897e9b7f7590d17",13,"conteo","Hileras por mazorca","El registro no tiene método asociado porque fue captura de una donación de bases de datos.","hileras_mazorca","NULL"
"f8612833147e427bf2378cdcbfea7147",10,"conteo","Hileras por mazorca","El registro no tiene método asociado porque fue captura de una donación de bases de datos.","hileras_mazorca","NULL"
"19aef8b243895aad11339ab1443caccc",10,"conteo","Hileras por mazorca","El registro no tiene método asociado porque fue captura de una donación de bases de datos.","hileras_mazorca","NULL"
"a56324f2a75383d5804a6c6ae6758861",16,"conteo","Hileras por mazorca","El registro no tiene método asociado porque fue captura de una donación de bases de datos.","hileras_mazorca","NULL"
"706e056e1d610fea9e946855b5588bb5",12,"conteo","Hileras por mazorca","El registro no tiene método asociado porque fue captura de una donación de bases de datos.","hileras_mazorca","NULL"
"69342d7afba586cf588e4f2d35979200",9,"conteo","Hileras por mazorca","El registro no tiene método asociado porque fue captura de una donación de bases de datos.","hileras_mazorca","NULL"
"92313d0c117f55785c7676c41d04d707",12,"conteo","Hileras por mazorca","El registro no tiene método asociado porque fue captura de una donación de bases de datos.","hileras_mazorca","NULL"
"07d89e7e6c4ad8084055a70ca9e2054c",9,"conteo","Hileras por mazorca","El registro no tiene método asociado porque fue captura de una donación de bases de datos.","hileras_mazorca","NULL"
"fcc787237a2c3b65594eadf026992cd6",9,"conteo","Hileras por mazorca","El registro no tiene método asociado porque fue captura de una donación de bases de datos.","hileras_mazorca","NULL"
"c255ca89021f64f463f694a95e423b8c",12,"conteo","Hileras por mazorca","El registro no tiene método asociado porque fue captura de una donación de bases de datos.","hileras_mazorca","NULL"
"af9f82f93d94a8bbdcca7916e0a9ee00",15,"conteo","Hileras por mazorca","El registro no tiene método asociado porque fue captura de una donación de bases de datos.","hileras_mazorca","NULL"
"152a5736b2398c9bd90f8a18fca555ec",10,"conteo","Hileras por mazorca","El registro no tiene método asociado porque fue captura de una donación de bases de datos.","hileras_mazorca","NULL"
"96747a4277a26227c9592abcf9b96a5c",17,"conteo","Hileras por mazorca","El registro no tiene método asociado porque fue captura de una donación de bases de datos.","hileras_mazorca","NULL"
"f3d33761454fc44826cfba4cfa7c713e",14,"conteo","Hileras por mazorca","El registro no tiene método asociado porque fue captura de una donación de bases de datos.","hileras_mazorca","NULL"
"7afde9c4949ed455750a34a371c0bbf8",10,"conteo","Hileras por mazorca","El registro no tiene método asociado porque fue captura de una donación de bases de datos.","hileras_mazorca","NULL"
"5bb0a22cafbbbadc4de6ab224f7818fb",19,"conteo","Hileras por mazorca","El registro no tiene método asociado porque fue captura de una donación de bases de datos.","hileras_mazorca","NULL"
"141dac8329f9d09ecb3673fe079f7871",10,"conteo","Hileras por mazorca","El registro no tiene método asociado porque fue captura de una donación de bases de datos.","hileras_mazorca","NULL"
"8815a8878cc813a5e268c63f14f93a20",12,"conteo","Hileras por mazorca","El registro no tiene método asociado porque fue captura de una donación de bases de datos.","hileras_mazorca","NULL"
"6d56810220ef1c1068bd9e6fe24c5e65",11,"conteo","Hileras por mazorca","El registro no tiene método asociado porque fue captura de una donación de bases de datos.","hileras_mazorca","NULL"
"b03836ca00a7e3ba0341a9a762348c85",16,"conteo","Hileras por mazorca","El registro no tiene método asociado porque fue captura de una donación de bases de datos.","hileras_mazorca","NULL"
"bc579c0105856dc74a12c74106c9fbcb",11,"conteo","Hileras por mazorca","El registro no tiene método asociado porque fue captura de una donación de bases de datos.","hileras_mazorca","NULL"
"edbb8e360cc359f7521a994be713bb3d",10,"conteo","Hileras por mazorca","El registro no tiene método asociado porque fue captura de una donación de bases de datos.","hileras_mazorca","NULL"
"296424acc5a6916378c10bc32ba4f47c",10,"conteo","Hileras por mazorca","El registro no tiene método asociado porque fue captura de una donación de bases de datos.","hileras_mazorca","NULL"
"7377a18c740cc93ecc6bd42685d773e7",18,"conteo","Hileras por mazorca","El registro no tiene método asociado porque fue captura de una donación de bases de datos.","hileras_mazorca","NULL"
"5ba084cddb55811f5fa75fb6df275b00",15,"conteo","Hileras por mazorca","El registro no tiene método asociado porque fue captura de una donación de bases de datos.","hileras_mazorca","NULL"
"6e25834d18d032f827b955ff778d2465",12,"conteo","Hileras por mazorca","El registro no tiene método asociado porque fue captura de una donación de bases de datos.","hileras_mazorca","NULL"
"261ae542cb237e6ea6e970d3451b2fd8",11,"conteo","Hileras por mazorca","El registro no tiene método asociado porque fue captura de una donación de bases de datos.","hileras_mazorca","NULL"
"04835db401df8bbd4f9a66400701b29d",10,"conteo","Hileras por mazorca","El registro no tiene método asociado porque fue captura de una donación de bases de datos.","hileras_mazorca","NULL"
"38866fb8ada5107023e0d2a87350de95",10,"conteo","Hileras por mazorca","El registro no tiene método asociado porque fue captura de una donación de bases de datos.","hileras_mazorca","NULL"
"15b090254c4dbbd1e69e06ffa7f2bb37",10,"conteo","Hileras por mazorca","El registro no tiene método asociado porque fue captura de una donación de bases de datos.","hileras_mazorca","NULL"
"d7f8e7fbfdb5bcdb4ad62edf7406777b",12,"conteo","Hileras por mazorca","El registro no tiene método asociado porque fue captura de una donación de bases de datos.","hileras_mazorca","NULL"
"e45092f7bc9b4b08d2c509e52d8ad2ee",17,"conteo","Hileras por mazorca","El registro no tiene método asociado porque fue captura de una donación de bases de datos.","hileras_mazorca","NULL"
"a844797dd7501029139b61b11728d48c",14,"conteo","Hileras por mazorca","El registro no tiene método asociado porque fue captura de una donación de bases de datos.","hileras_mazorca","NULL"
"9b65bb0b43b19fcebb378e2c7b6a2331",14,"conteo","Hileras por mazorca","El registro no tiene método asociado porque fue captura de una donación de bases de datos.","hileras_mazorca","NULL"
"a72bbab0d68f484ca90d0aa9da9dd306",15,"conteo","Hileras por mazorca","El registro no tiene método asociado porque fue captura de una donación de bases de datos.","hileras_mazorca","NULL"
"4dc17178a9a4a7975bfc3d39817f674b",18,"conteo","Hileras por mazorca","El registro no tiene método asociado porque fue captura de una donación de bases de datos.","hileras_mazorca","NULL"
"e1d79cb7497e1a5079c50a14d2abd724",16,"conteo","Hileras por mazorca","El registro no tiene método asociado porque fue captura de una donación de bases de datos.","hileras_mazorca","NULL"
"4603a34476761007baa6f13ee7967091",12,"conteo","Hileras por mazorca","El registro no tiene método asociado porque fue captura de una donación de bases de datos.","hileras_mazorca","NULL"
"6bce5141f0079b0d3d280e9389808ea4",10,"conteo","Hileras por mazorca","El registro no tiene método asociado porque fue captura de una donación de bases de datos.","hileras_mazorca","NULL"
"727c56f55493591c10699fa2e03d7e0d",10,"conteo","Hileras por mazorca","El registro no tiene método asociado porque fue captura de una donación de bases de datos.","hileras_mazorca","NULL"
"95246013ba37bc8699bf30ea33f489a8",11,"conteo","Hileras por mazorca","El registro no tiene método asociado porque fue captura de una donación de bases de datos.","hileras_mazorca","NULL"
"c4f51e9cccbd843e7baa7fd72983ae9f",12,"conteo","Hileras por mazorca","El registro no tiene método asociado porque fue captura de una donación de bases de datos.","hileras_mazorca","NULL"
"cfdf34bc1f4e8f859ba9d37f82823940",11,"conteo","Hileras por mazorca","El registro no tiene método asociado porque fue captura de una donación de bases de datos.","hileras_mazorca","NULL"
"181b1881e86d7937fc76804e672b3f31",11,"conteo","Hileras por mazorca","El registro no tiene método asociado porque fue captura de una donación de bases de datos.","hileras_mazorca","NULL"
"21f5c4eb71e2d5140a1d03a0fda67e7a",11,"conteo","Hileras por mazorca","El registro no tiene método asociado porque fue captura de una donación de bases de datos.","hileras_mazorca","NULL"
"09817c24565f504b59aa7a0a9a2b7973",11,"conteo","Hileras por mazorca","El registro no tiene método asociado porque fue captura de una donación de bases de datos.","hileras_mazorca","NULL"
"ef58084c0bfaa6fceced8a65d6ded696",12,"conteo","Hileras por mazorca","El registro no tiene método asociado porque fue captura de una donación de bases de datos.","hileras_mazorca","NULL"
"a4e0ef9e602f85be391e1c1b6dfed2e5",13,"conteo","Hileras por mazorca","El registro no tiene método asociado porque fue captura de una donación de bases de datos.","hileras_mazorca","NULL"
"ac57a7fafb62488038a297b8614af05b",11,"conteo","Hileras por mazorca","El registro no tiene método asociado porque fue captura de una donación de bases de datos.","hileras_mazorca","NULL"
"434e0e1b5a248d42921b9ca65b8b1ffe",12,"conteo","Hileras por mazorca","El registro no tiene método asociado porque fue captura de una donación de bases de datos.","hileras_mazorca","NULL"
"389ef110f67ee6d4447d21d2da96449e",10,"conteo","Hileras por mazorca","El registro no tiene método asociado porque fue captura de una donación de bases de datos.","hileras_mazorca","NULL"
"d239f270d6593827bc61e367ec520ce6",13,"conteo","Hileras por mazorca","El registro no tiene método asociado porque fue captura de una donación de bases de datos.","hileras_mazorca","NULL"
"f5fdc96a0688e1c84b02d154aaa94436",12,"conteo","Hileras por mazorca","El registro no tiene método asociado porque fue captura de una donación de bases de datos.","hileras_mazorca","NULL"
"fdbc91e3f1d9bc9ebb3e322865c1783f",12,"conteo","Hileras por mazorca","El registro no tiene método asociado porque fue captura de una donación de bases de datos.","hileras_mazorca","NULL"
"fa1e3a1dcfd5fd8e199448588cbd065c",12,"conteo","Hileras por mazorca","El registro no tiene método asociado porque fue captura de una donación de bases de datos.","hileras_mazorca","NULL"
"e1a08457bb86c6b7659752de684359cc",10,"conteo","Hileras por mazorca","El registro no tiene método asociado porque fue captura de una donación de bases de datos.","hileras_mazorca","NULL"
"260390dc3d6e61c64c35a08aea8d2136",12,"conteo","Hileras por mazorca","El registro no tiene método asociado porque fue captura de una donación de bases de datos.","hileras_mazorca","NULL"
"9328f61dad933e51a6df8cc99f831b14",14,"conteo","Hileras por mazorca","El registro no tiene método asociado porque fue captura de una donación de bases de datos.","hileras_mazorca","NULL"
"b178eedc2f518fe942a8a7fb39baead0",11,"conteo","Hileras por mazorca","El registro no tiene método asociado porque fue captura de una donación de bases de datos.","hileras_mazorca","NULL"
"67e363c3ec2f40dbc94ffc1f14a50efc",12,"conteo","Hileras por mazorca","El registro no tiene método asociado porque fue captura de una donación de bases de datos.","hileras_mazorca","NULL"
"d7838cbeb49d08d2e433b53c6e425723",9,"conteo","Hileras por mazorca","El registro no tiene método asociado porque fue captura de una donación de bases de datos.","hileras_mazorca","NULL"
"dc78aff2d475e77b5c6ef602a546a0c8",14,"conteo","Hileras por mazorca","El registro no tiene método asociado porque fue captura de una donación de bases de datos.","hileras_mazorca","NULL"
"9f43b7e2faf2df56479ac16f9342cca0",12,"conteo","Hileras por mazorca","El registro no tiene método asociado porque fue captura de una donación de bases de datos.","hileras_mazorca","NULL"
"b6953d12194db64d6c177463e61e52c0",12,"conteo","Hileras por mazorca","El registro no tiene método asociado porque fue captura de una donación de bases de datos.","hileras_mazorca","NULL"
"b799c74ed779be92e2a9b91590344888",24,"conteo","Hileras por mazorca","El registro no tiene método asociado porque fue captura de una donación de bases de datos.","hileras_mazorca","NULL"
"84bdc5c2aa8d945e3189379d3d06cbe2",10,"conteo","Hileras por mazorca","El registro no tiene método asociado porque fue captura de una donación de bases de datos.","hileras_mazorca","NULL"
"3b1251cad595e361f4aadc8c8075bb83",11,"conteo","Hileras por mazorca","El registro no tiene método asociado porque fue captura de una donación de bases de datos.","hileras_mazorca","NULL"
"45bcf8fcd83dc7d9fc7a832b5c8970bd",11,"conteo","Hileras por mazorca","El registro no tiene método asociado porque fue captura de una donación de bases de datos.","hileras_mazorca","NULL"
"30d89c95618b21dedafb626145d5f417",11,"conteo","Hileras por mazorca","El registro no tiene método asociado porque fue captura de una donación de bases de datos.","hileras_mazorca","NULL"
"f11e8d2545a06a27a3b576ae52dd9bee",12,"conteo","Hileras por mazorca","El registro no tiene método asociado porque fue captura de una donación de bases de datos.","hileras_mazorca","NULL"
"92dd7c74175064aa70e9c8b12b813de4",14,"conteo","Hileras por mazorca","El registro no tiene método asociado porque fue captura de una donación de bases de datos.","hileras_mazorca","NULL"
"da8acbd6a37b6a1977f8434875de6852",18,"conteo","Hileras por mazorca","El registro no tiene método asociado porque fue captura de una donación de bases de datos.","hileras_mazorca","NULL"
"3a6d11d396f641f25e59d5c2562bf25c",14,"conteo","Hileras por mazorca","El registro no tiene método asociado porque fue captura de una donación de bases de datos.","hileras_mazorca","NULL"
"1a49eb803beb7dd7215199e30a6d1b6d",14,"conteo","Hileras por mazorca","El registro no tiene método asociado porque fue captura de una donación de bases de datos.","hileras_mazorca","NULL"
"17410a600d8f25429fed418549f2184e",12,"conteo","Hileras por mazorca","El registro no tiene método asociado porque fue captura de una donación de bases de datos.","hileras_mazorca","NULL"
"a820d3595b1de4282f397bfa17c2731f",10,"conteo","Hileras por mazorca","El registro no tiene método asociado porque fue captura de una donación de bases de datos.","hileras_mazorca","NULL"
"436cfec58ae667eaa5b23b2b558149e5",16,"conteo","Hileras por mazorca","El registro no tiene método asociado porque fue captura de una donación de bases de datos.","hileras_mazorca","NULL"
"d9310f01185e09efd3c0f02a37770da2",13,"conteo","Hileras por mazorca","El registro no tiene método asociado porque fue captura de una donación de bases de datos.","hileras_mazorca","NULL"
"23bbb6063f5bf3cc1914939995c7f27f",11,"conteo","Hileras por mazorca","El registro no tiene método asociado porque fue captura de una donación de bases de datos.","hileras_mazorca","NULL"
"8a529db95ed7465bbbad1ef22be7ae81",9,"conteo","Hileras por mazorca","El registro no tiene método asociado porque fue captura de una donación de bases de datos.","hileras_mazorca","NULL"
"f5be72cff61d64e1024196946cbb9b5f",12,"conteo","Hileras por mazorca","El registro no tiene método asociado porque fue captura de una donación de bases de datos.","hileras_mazorca","NULL"
"4d8e37ae923532013897b25910a26284",12,"conteo","Hileras por mazorca","El registro no tiene método asociado porque fue captura de una donación de bases de datos.","hileras_mazorca","NULL"
"85c18e6d78cfe06eacf1391c5dda9552",20,"conteo","Hileras por mazorca","El registro no tiene método asociado porque fue captura de una donación de bases de datos.","hileras_mazorca","NULL"
"6967fd57cbc26b78e9983a326adec929",15,"conteo","Hileras por mazorca","El registro no tiene método asociado porque fue captura de una donación de bases de datos.","hileras_mazorca","NULL"
"6e4d954e1331154b66a8049cb6194b4a",13,"conteo","Hileras por mazorca","El registro no tiene método asociado porque fue captura de una donación de bases de datos.","hileras_mazorca","NULL"
"19a00fbc9dc77380fc7fd3d2eec5c59d",17,"conteo","Hileras por mazorca","El registro no tiene método asociado porque fue captura de una donación de bases de datos.","hileras_mazorca","NULL"
"4ab0d04a0aac32a7cc453facdba8bf6c",18,"conteo","Hileras por mazorca","El registro no tiene método asociado porque fue captura de una donación de bases de datos.","hileras_mazorca","NULL"
"779ef3a6e326866b4f4e8c74a595b5d5",20,"conteo","Hileras por mazorca","El registro no tiene método asociado porque fue captura de una donación de bases de datos.","hileras_mazorca","NULL"
"8d8f52754ead15a3a3cf4132ad09840e",14,"conteo","Hileras por mazorca","El registro no tiene método asociado porque fue captura de una donación de bases de datos.","hileras_mazorca","NULL"
"afeceae5e1404c50165156979dfc7bb4",15,"conteo","Hileras por mazorca","El registro no tiene método asociado porque fue captura de una donación de bases de datos.","hileras_mazorca","NULL"
"2de914780bbb48bd38e7c1726df37ec4",15,"conteo","Hileras por mazorca","El registro no tiene método asociado porque fue captura de una donación de bases de datos.","hileras_mazorca","NULL"
"ec7d9632aabce0839c9745660fbd1ea1",19,"conteo","Hileras por mazorca","El registro no tiene método asociado porque fue captura de una donación de bases de datos.","hileras_mazorca","NULL"
"9c6f0c01f645dc21a21a0d4b2b4c0757",19,"conteo","Hileras por mazorca","El registro no tiene método asociado porque fue captura de una donación de bases de datos.","hileras_mazorca","NULL"
"9fc60cbf03dcd2f2c2220c74ce7c7c5b",18,"conteo","Hileras por mazorca","El registro no tiene método asociado porque fue captura de una donación de bases de datos.","hileras_mazorca","NULL"
"1632003da41f87d5b4decc9c5ccc5ff0",17,"conteo","Hileras por mazorca","El registro no tiene método asociado porque fue captura de una donación de bases de datos.","hileras_mazorca","NULL"
"e1ccbc5e7ab5a7f56cb2864015f21e7a",17,"conteo","Hileras por mazorca","El registro no tiene método asociado porque fue captura de una donación de bases de datos.","hileras_mazorca","NULL"
"6264cd79598a254b9687747bd752c26c",17,"conteo","Hileras por mazorca","El registro no tiene método asociado porque fue captura de una donación de bases de datos.","hileras_mazorca","NULL"
"dbd879696822eae617655449d891dba5",19,"conteo","Hileras por mazorca","El registro no tiene método asociado porque fue captura de una donación de bases de datos.","hileras_mazorca","NULL"
"8e60c5ec6166912ed09b6be315a956f4",15,"conteo","Hileras por mazorca","El registro no tiene método asociado porque fue captura de una donación de bases de datos.","hileras_mazorca","NULL"
"e4dd2c0c8dfcb17e5cf3aede76dd67ae",16,"conteo","Hileras por mazorca","El registro no tiene método asociado porque fue captura de una donación de bases de datos.","hileras_mazorca","NULL"
"2c4e7faa3a7a47eba720036803c75ed4",11,"conteo","Hileras por mazorca","El registro no tiene método asociado porque fue captura de una donación de bases de datos.","hileras_mazorca","NULL"
"aa0fe2c2e1e38ef5585ee488aa307af7",9,"conteo","Hileras por mazorca","El registro no tiene método asociado porque fue captura de una donación de bases de datos.","hileras_mazorca","NULL"
"31f4ad3972a9b9a8e2964f0404f031c9",13,"conteo","Hileras por mazorca","El registro no tiene método asociado porque fue captura de una donación de bases de datos.","hileras_mazorca","NULL"
"31aaafa743c43bd800da5abe83c81d1d",9,"conteo","Hileras por mazorca","El registro no tiene método asociado porque fue captura de una donación de bases de datos.","hileras_mazorca","NULL"
"051f8206f48ac09e493530d16b455b52",13,"conteo","Hileras por mazorca","El registro no tiene método asociado porque fue captura de una donación de bases de datos.","hileras_mazorca","NULL"
"d43e03547f98ddbdb870ff0a1b585889",13,"conteo","Hileras por mazorca","El registro no tiene método asociado porque fue captura de una donación de bases de datos.","hileras_mazorca","NULL"
"06ff3a08c84a632fd9b17c63709b2dbb",13,"conteo","Hileras por mazorca","El registro no tiene método asociado porque fue captura de una donación de bases de datos.","hileras_mazorca","NULL"
"419360e2dd7ce076d5c46ac9d3e8ad72",10,"conteo","Hileras por mazorca","El registro no tiene método asociado porque fue captura de una donación de bases de datos.","hileras_mazorca","NULL"
"9c96395149e93b430c6bcc8c2fb5dcd2",13,"conteo","Hileras por mazorca","El registro no tiene método asociado porque fue captura de una donación de bases de datos.","hileras_mazorca","NULL"
"4f7fdfcea55a215bca512234add41c43",12,"conteo","Hileras por mazorca","El registro no tiene método asociado porque fue captura de una donación de bases de datos.","hileras_mazorca","NULL"
"91bab372e7381892e0f6ec80a37a048f",11,"conteo","Hileras por mazorca","El registro no tiene método asociado porque fue captura de una donación de bases de datos.","hileras_mazorca","NULL"
"85e39048f0842c702e2b79c030003b65",10,"conteo","Hileras por mazorca","El registro no tiene método asociado porque fue captura de una donación de bases de datos.","hileras_mazorca","NULL"
"47131d25ac4ecac5b36fd95d2ef1f011",10,"conteo","Hileras por mazorca","El registro no tiene método asociado porque fue captura de una donación de bases de datos.","hileras_mazorca","NULL"
"5e14d7d0a95db05de861cdc27b43281e",10,"conteo","Hileras por mazorca","El registro no tiene método asociado porque fue captura de una donación de bases de datos.","hileras_mazorca","NULL"
"a9a703c20c85581ca9705cd55bdf11ce",13,"conteo","Hileras por mazorca","El registro no tiene método asociado porque fue captura de una donación de bases de datos.","hileras_mazorca","NULL"
"a114da53acdb77517f0d68a1d9a2d66c",13,"conteo","Hileras por mazorca","El registro no tiene método asociado porque fue captura de una donación de bases de datos.","hileras_mazorca","NULL"
"985cd377b42d92a3590a187b35e8957e",14,"conteo","Hileras por mazorca","El registro no tiene método asociado porque fue captura de una donación de bases de datos.","hileras_mazorca","NULL"
"8681893f73284c082afab2cf72a426b5",12,"conteo","Hileras por mazorca","El registro no tiene método asociado porque fue captura de una donación de bases de datos.","hileras_mazorca","NULL"
"0bba000fe1b4b209ae9c3d0e52c0e043",14,"conteo","Hileras por mazorca","El registro no tiene método asociado porque fue captura de una donación de bases de datos.","hileras_mazorca","NULL"
"1b1ef3ba4a92589210e3464921085ea2",12,"conteo","Hileras por mazorca","El registro no tiene método asociado porque fue captura de una donación de bases de datos.","hileras_mazorca","NULL"
"a7227215c9002fa21d868384abd0ce7e",11,"conteo","Hileras por mazorca","El registro no tiene método asociado porque fue captura de una donación de bases de datos.","hileras_mazorca","NULL"
"cf2db81284eeac7aae455612593807d3",10,"conteo","Hileras por mazorca","El registro no tiene método asociado porque fue captura de una donación de bases de datos.","hileras_mazorca","NULL"
"c1ed4d362251a7496e5402afceea0644",12,"conteo","Hileras por mazorca","El registro no tiene método asociado porque fue captura de una donación de bases de datos.","hileras_mazorca","NULL"
